id,titulo,sala,fecha,hora,edad,vestimenta,direccion,link_compra_rrpp,imagen,descripcion
https://www.fourvenues.com/es/nextplan/events/6YDG,Rooftop Pabblo,Pabblo,2026-07-18,18:00,+23,Smart / Arreglado,"Pl. Pablo Ruiz Picasso, 1, Tetuán, 28020 Madrid, Spain",https://www.fourvenues.com/es/nextplan/events/6YDG,https://fourvenues.com/cdn-cgi/imagedelivery/kWuoTchaMsk7Xnc_FNem7A/b165288f-ecb8-4a93-9deb-00ad9dabc400/w=1350,"No te pierdas Rooftop Pabblo en Yatengoplan. Vive una noche épica este Sáb, 18 jul en Madrid. Entradas limitadas y reservados VIP disponibles. ¡Compra aquí tus tickets oficiales!"
https://www.fourvenues.com/es/nextplan/events/5GF3,Terraza Karau,Karau,2026-07-18,18:00,+23,Smart / Arreglado,"P.º de Recoletos, 2, Salamanca, 28014 Madrid, España",https://www.fourvenues.com/es/nextplan/events/5GF3,https://fourvenues.com/cdn-cgi/imagedelivery/kWuoTchaMsk7Xnc_FNem7A/398901b1-7c0f-4d64-cbca-7a2994b17f00/w=1350,"No te pierdas Terraza Karau en Yatengoplan. Vive una noche épica este Sáb, 18 jul en Madrid. Entradas limitadas y reservados VIP disponibles. ¡Compra aquí tus tickets oficiales!"
https://www.fourvenues.com/es/nextplan/events/8HQO,| THE GREEN ROOM |,Green Castellana,2026-07-18,20:00,+18,Smart / Arreglado,"Paseo de la Castellana, 40, 28046 Madrid (Madrid), España",https://www.fourvenues.com/es/nextplan/events/8HQO,https://fourvenues.com/cdn-cgi/imagedelivery/kWuoTchaMsk7Xnc_FNem7A/6471a33b-f15e-4ec6-4af0-16396da02100/w=1350,"No te pierdas | THE GREEN ROOM | en Green Social Club. Vive una noche épica este Sáb, 18 jul en Madrid. Entradas limitadas y reservados VIP disponibles. ¡Compra aquí tus tickets oficiales!"
https://www.fourvenues.com/es/nextplan/events/3JAL,Saturday nights,Dekada Madrid,2026-07-18,21:00,+18,Smart / Arreglado,"Calle de San Vicente Ferrer, 34, 28004 Madrid (Madrid), España",https://www.fourvenues.com/es/nextplan/events/3JAL,https://fourvenues.com/cdn-cgi/imagedelivery/kWuoTchaMsk7Xnc_FNem7A/a9998ccd-dffc-45d4-21cd-143c675dde00/w=1350,"No te pierdas Saturday nights en DEKADA. Vive una noche épica este Sáb, 18 jul en Madrid. Entradas limitadas y reservados VIP disponibles. ¡Compra aquí tus tickets oficiales!"
https://www.fourvenues.com/es/nextplan/events/KH7Q,"COPAS A 3,5€",BLUE CLUB,2026-07-18,23:00,+18,Smart / Arreglado,"C. de Orense, 12, Tetuán, 28020 Madrid, España",https://www.fourvenues.com/es/nextplan/events/KH7Q,https://fourvenues.com/cdn-cgi/imagedelivery/kWuoTchaMsk7Xnc_FNem7A/193f4769-abaf-4f2a-7c00-a36a1333ce00/w=1350,"No te pierdas COPAS A 3,5€ en BLUE CLUB. Vive una noche épica este Sáb, 18 jul en Madrid. Entradas limitadas y reservados VIP disponibles. ¡Compra aquí tus tickets oficiales!"
https://www.fourvenues.com/es/nextplan/events/UHPM,OH MY CLUB SÁBADO,Oh My Club,2026-07-18,23:30,+18,Smart / Arreglado,"C. de Rosario Pino, 14, 28020 Madrid, España",https://www.fourvenues.com/es/nextplan/events/UHPM,https://fourvenues.com/cdn-cgi/imagedelivery/kWuoTchaMsk7Xnc_FNem7A/a3fe60af-4516-4be1-7bea-fa94c0a8a300/w=1350,"No te pierdas OH MY CLUB SÁBADO en Oh My Club. Vive una noche épica este Sáb, 18 jul en Madrid. Entradas limitadas y reservados VIP disponibles. ¡Compra aquí tus tickets oficiales!"
https://www.fourvenues.com/es/nextplan/events/4JL5,🔥 Saturday Edition | Copas desde 6€ |,MARVEL MADRID,2026-07-18,23:30,+18,Smart / Arreglado,"C. de Joaquín Costa, 27, 28002 Madrid, España",https://www.fourvenues.com/es/nextplan/events/4JL5,https://fourvenues.com/cdn-cgi/imagedelivery/kWuoTchaMsk7Xnc_FNem7A/e255a9ea-5518-4db3-9f7b-2380ab7fa300/w=550,"No te pierdas 🔥 Saturday Edition | Copas desde 6€ | en DISCOTECA MARVEL. Vive una noche épica este Sáb, 18 jul en Madrid. Entradas limitadas y reservados VIP disponibles. ¡Compra aquí tus tickets oficiales!"
https://www.fourvenues.com/es/nextplan/events/GA60,SABADO,Nazca Club,2026-07-18,23:45,+18,Smart / Arreglado,"C. de Orense, 24, 28020 Madrid, España",https://www.fourvenues.com/es/nextplan/events/GA60,https://fourvenues.com/cdn-cgi/imagedelivery/kWuoTchaMsk7Xnc_FNem7A/c51e0126-084e-492b-bdfa-ff4f48c2a500/w=1350,"No te pierdas SABADO en Nazca Club. Vive una noche épica este Sáb, 18 jul en Madrid. Entradas limitadas y reservados VIP disponibles. ¡Compra aquí tus tickets oficiales!"
https://www.fourvenues.com/es/nextplan/events/U0K3,Summer Nights by Mökai,Mokai Beach Club,2026-07-18,23:45,+18,Smart / Arreglado,"C. Ignacio Zuloaga, 6, 28522 Rivas-Vaciamadrid, Madrid, España",https://www.fourvenues.com/es/nextplan/events/U0K3,https://fourvenues.com/cdn-cgi/imagedelivery/kWuoTchaMsk7Xnc_FNem7A/b06a2e1e-7b5c-4b79-abb2-08cf90eb9b00/w=1350,"No te pierdas Summer Nights by Mökai en Mokai Beach Club. Vive una noche épica este Sáb, 18 jul en Rivas-Vaciamadrid. Entradas limitadas y reservados VIP disponibles. ¡Compra aquí tus tickets oficiales!"
https://www.fourvenues.com/es/nextplan/events/Q74T,CANDY EDICIÓN ESPECIAL | BABYLON,Teatro Magno,2026-07-18,23:59,+18,Smart / Arreglado,"Calle de Cedaceros, 7, 28014 Madrid (Madrid), España",https://www.fourvenues.com/es/nextplan/events/Q74T,https://fourvenues.com/cdn-cgi/imagedelivery/kWuoTchaMsk7Xnc_FNem7A/0d49335e-bc1b-4480-0897-14de8dabf300/w=1350,"No te pierdas CANDY EDICIÓN ESPECIAL | BABYLON en Teatro Magno. Vive una noche épica este Sáb, 18 jul en Madrid. Entradas limitadas y reservados VIP disponibles. ¡Compra aquí tus tickets oficiales!"
https://www.fourvenues.com/es/nextplan/events/OPFM,2h BARRA LIBRE Y DESPUÉS COPAS A 3€ TODA LA NOCHE - SÁBADO 18 LEMON MONCLOA,LEMON MADRID BANANA,2026-07-19,00:00,+18,Smart / Arreglado,"C. de Meléndez Valdés, 52, Chamberí, 28015 Madrid, España",https://www.fourvenues.com/es/nextplan/events/OPFM,https://fourvenues.com/cdn-cgi/imagedelivery/kWuoTchaMsk7Xnc_FNem7A/b2527691-f5aa-42e2-006e-fd288353ed00/w=1350,"No te pierdas 2h BARRA LIBRE Y DESPUÉS COPAS A 3€ TODA LA NOCHE - SÁBADO 18 LEMON MONCLOA en LEMON MONCLOA. Vive una noche épica este Sáb, 18 jul en Madrid. Entradas limitadas y reservados VIP disponibles. ¡Compra aquí tus tickets oficiales!"
https://www.fourvenues.com/es/nextplan/events/PK6J,B12 - ENTRADAS,Discoteca B12 Madrid,2026-07-19,00:00,+18,Smart / Arreglado,"C. de Joaquín Costa, 27, 28002 Madrid, España",https://www.fourvenues.com/es/nextplan/events/PK6J,https://d72sklgi05fbu.cloudfront.net/images/venues/cover/sm_Hllm2chtl02aw01chblog4k6aAEPBBrr.jpeg?versionId=b1HUEmxegtcRkHu1x3zOwqYgY9tbI4Bh,"No te pierdas B12 - ENTRADAS en B12 Madrid. Vive una noche épica este Sáb, 18 jul en Madrid. Entradas limitadas y reservados VIP disponibles. ¡Compra aquí tus tickets oficiales!"
https://www.fourvenues.com/es/nextplan/events/BQ8Z,Sábado BONDED CLUB,BONDED CLUB,2026-07-19,00:00,+23,Smart / Arreglado,"C. de Miguel Ángel, 9, 28010 Madrid, España",https://www.fourvenues.com/es/nextplan/events/BQ8Z,https://fourvenues.com/cdn-cgi/imagedelivery/kWuoTchaMsk7Xnc_FNem7A/1f356d08-7633-4564-6dd3-0f0180cfcb00/w=1350,"No te pierdas Sábado BONDED CLUB en BONDED CLUB. Vive una noche épica este Sáb, 18 jul en Madrid. Entradas limitadas y reservados VIP disponibles. ¡Compra aquí tus tickets oficiales!"
https://www.fourvenues.com/es/nextplan/events/YT7F,CANDELA,SAINT CLUB,2026-07-19,00:00,+18,Smart / Arreglado,"Calle Velázquez, 64, Salamanca, 28001 Madrid, España",https://www.fourvenues.com/es/nextplan/events/YT7F,https://fourvenues.com/cdn-cgi/imagedelivery/kWuoTchaMsk7Xnc_FNem7A/57b3bfab-e9bd-486c-9673-79f0df396c00/w=1350,"No te pierdas CANDELA en SAINT CLUB. Vive una noche épica este Sáb, 18 jul en Madrid. Entradas limitadas y reservados VIP disponibles. ¡Compra aquí tus tickets oficiales!"
https://www.fourvenues.com/es/nextplan/events/DL5S,SATURDAY'S at Tiffany's The Club,Tiffany's The Club,2026-07-19,00:00,+18,Smart / Arreglado,"Av. del Dr. Arce, 10, 28002 Madrid, España",https://www.fourvenues.com/es/nextplan/events/DL5S,https://fourvenues.com/cdn-cgi/imagedelivery/kWuoTchaMsk7Xnc_FNem7A/8fa68e05-2713-46aa-4def-e990038c8700/w=1350,"No te pierdas SATURDAY'S at Tiffany's The Club en TIFFANY'S THE CLUB. Vive una noche épica este Sáb, 18 jul en Madrid. Entradas limitadas y reservados VIP disponibles. ¡Compra aquí tus tickets oficiales!"
https://www.fourvenues.com/es/nextplan/events/CDNA,Sábado VANDIDO - Summer Edition,Vandido,2026-07-19,00:00,+18,Smart / Arreglado,"Calle de Goya, 79, 28001 Madrid (Madrid), España",https://www.fourvenues.com/es/nextplan/events/CDNA,https://fourvenues.com/cdn-cgi/imagedelivery/kWuoTchaMsk7Xnc_FNem7A/10141bad-0388-4b81-9cc4-90af144c9800/w=1350,"No te pierdas Sábado VANDIDO - Summer Edition en VANDIDO. Vive una noche épica este Sáb, 18 jul en Madrid. Entradas limitadas y reservados VIP disponibles. ¡Compra aquí tus tickets oficiales!"
https://www.fourvenues.com/es/nextplan/events/8M8E,CHAMÁN SÁBADO,CHAMÁN BOILER CLUB,2026-07-19,00:00,+18,Smart / Arreglado,"C. del Poeta Joan Maragall, 1, 28020 Madrid, España",https://www.fourvenues.com/es/nextplan/events/8M8E,https://fourvenues.com/cdn-cgi/imagedelivery/kWuoTchaMsk7Xnc_FNem7A/6623341e-7cf3-46c3-705b-de59a606c900/w=1350,"No te pierdas CHAMÁN SÁBADO en CHAMÁN. Vive una noche épica este Sáb, 18 jul en Madrid. Entradas limitadas y reservados VIP disponibles. ¡Compra aquí tus tickets oficiales!"
https://www.fourvenues.com/es/nextplan/events/NNIO,SÁBADO 18 JULIO EVENTO PRIVADO,DISCOTECA CATS,2026-07-19,00:00,+18,Smart / Arreglado,"Calle Julián Romea, 4, 28003 Madrid (Madrid), España",https://www.fourvenues.com/es/nextplan/events/NNIO,https://d72sklgi05fbu.cloudfront.net/images/events/cover/Flfwej2ct017e018tffsm0nc7GEzRBAs.jpeg?versionId=F0a_.AOK4HBSP5Ad7OuGu4KX5EWlUHyE,"No te pierdas SÁBADO 18 JULIO EVENTO PRIVADO en CATS MADRID. Vive una noche épica este Sáb, 18 jul en Madrid. Entradas limitadas y reservados VIP disponibles. ¡Compra aquí tus tickets oficiales!"
https://www.fourvenues.com/es/nextplan/events/JS3A,PEPPE CITARELLA x FITZ,Fitz Club,2026-07-19,00:00,+18,Smart / Arreglado,"C. de la Princesa, 1, 28008 Madrid, España",https://www.fourvenues.com/es/nextplan/events/JS3A,https://fourvenues.com/cdn-cgi/imagedelivery/kWuoTchaMsk7Xnc_FNem7A/a622990c-82d4-4d21-ab94-6f378fc7f500/w=1350,"No te pierdas PEPPE CITARELLA x FITZ en Fitz Madrid. Vive una noche épica este Sáb, 18 jul en Madrid. Entradas limitadas y reservados VIP disponibles. ¡Compra aquí tus tickets oficiales!"
https://www.fourvenues.com/es/nextplan/events/8PLS,WHITE PARTY  +595,Cristo Social Club ,2026-07-19,00:00,+18,Smart / Arreglado,"Calle de Juan Bravo, 35, Salamanca, 28006 Madrid, España",https://www.fourvenues.com/es/nextplan/events/8PLS,https://fourvenues.com/cdn-cgi/imagedelivery/kWuoTchaMsk7Xnc_FNem7A/7853c03c-06b5-4f87-6c08-a781ef01ec00/w=1350,"No te pierdas WHITE PARTY  +595 en CrisTo Social Club. Vive una noche épica este Sáb, 18 jul en Madrid. Entradas limitadas y reservados VIP disponibles. ¡Compra aquí tus tickets oficiales!"
https://www.fourvenues.com/es/nextplan/events/W3UB,SABADO MON - COPAS A 2€ - MOCOLOCO,Sala Mon,2026-07-19,00:00,+18,Smart / Arreglado,"C. de Hilarión Eslava, 36, 28015 Madrid, España",https://www.fourvenues.com/es/nextplan/events/W3UB,https://fourvenues.com/cdn-cgi/imagedelivery/kWuoTchaMsk7Xnc_FNem7A/b403a7c8-61a2-4985-8666-7d6c8b7ca700/w=1350,"No te pierdas SABADO MON - COPAS A 2€ - MOCOLOCO en Sala MON. Vive una noche épica este Sáb, 18 jul en Madrid. Entradas limitadas y reservados VIP disponibles. ¡Compra aquí tus tickets oficiales!"
https://www.fourvenues.com/es/nextplan/events/LAL2,PERREOLAB X SINAKA,Teatro Magno,2026-07-19,00:00,+18,Smart / Arreglado,"Calle de Cedaceros, 7, 28014 Madrid (Madrid), España",https://www.fourvenues.com/es/nextplan/events/LAL2,https://fourvenues.com/cdn-cgi/imagedelivery/kWuoTchaMsk7Xnc_FNem7A/3883abdc-6665-4ce3-95d1-d82173c3fc00/w=1350,"No te pierdas PERREOLAB X SINAKA en Teatro Magno. Vive una noche épica este Sáb, 18 jul en Madrid. Entradas limitadas y reservados VIP disponibles. ¡Compra aquí tus tickets oficiales!"
https://www.fourvenues.com/es/nextplan/events/NPTI,CALLE 365 by MADRID  NO DESCANSA,CALLE 365,2026-07-19,18:00,+18,Smart / Arreglado,"Calle de Echegaray, 18, Centro, 28005 Madrid, España",https://www.fourvenues.com/es/nextplan/events/NPTI,https://fourvenues.com/cdn-cgi/imagedelivery/kWuoTchaMsk7Xnc_FNem7A/7b61b30d-046a-4c56-9eea-8b544df18200/w=1350,"No te pierdas CALLE 365 by MADRID  NO DESCANSA en MADRID NO DESCANSA. Vive una noche épica este Dom, 19 jul en Madrid. Entradas limitadas y reservados VIP disponibles. ¡Compra aquí tus tickets oficiales!"
https://www.fourvenues.com/es/nextplan/events/1CKT,WATCHING PARTY: ESPAÑA VS. ARGENTINA,Green Castellana,2026-07-19,18:00,+18,Smart / Arreglado,"Paseo de la Castellana, 40, 28046 Madrid (Madrid), España",https://www.fourvenues.com/es/nextplan/events/1CKT,https://fourvenues.com/cdn-cgi/imagedelivery/kWuoTchaMsk7Xnc_FNem7A/609dffb0-6caf-46c8-e467-de298e47d300/w=1350,"No te pierdas WATCHING PARTY: ESPAÑA VS. ARGENTINA en Green Social Club. Vive una noche épica este Dom, 19 jul en Madrid. Entradas limitadas y reservados VIP disponibles. ¡Compra aquí tus tickets oficiales!"
https://www.fourvenues.com/es/nextplan/events/E3X4,Baile Europa ⚽️🇪🇸 FINAL DEL MUNDIAL,Cristo Social Club ,2026-07-19,19:00,+18,Smart / Arreglado,"Calle de Juan Bravo, 35, Salamanca, 28006 Madrid, España",https://www.fourvenues.com/es/nextplan/events/E3X4,https://fourvenues.com/cdn-cgi/imagedelivery/kWuoTchaMsk7Xnc_FNem7A/beacabda-9fc9-46dd-d436-cca3116a2500/w=1350,"No te pierdas Baile Europa ⚽️🇪🇸 FINAL DEL MUNDIAL en CrisTo Social Club. Vive una noche épica este Dom, 19 jul en Madrid. Entradas limitadas y reservados VIP disponibles. ¡Compra aquí tus tickets oficiales!"
https://www.fourvenues.com/es/nextplan/events/U6Z8,PERRAERA FINAL MUNDIAL ⚽️🇪🇸🇦🇷,Cristo Social Club ,2026-07-19,19:00,+18,Smart / Arreglado,"Calle de Juan Bravo, 35, Salamanca, 28006 Madrid, España",https://www.fourvenues.com/es/nextplan/events/U6Z8,https://fourvenues.com/cdn-cgi/imagedelivery/kWuoTchaMsk7Xnc_FNem7A/4a7eec66-0605-4d1e-4a24-1a5fc7645900/w=1350,"No te pierdas PERRAERA FINAL MUNDIAL ⚽️🇪🇸🇦🇷 en CrisTo Social Club. Vive una noche épica este Dom, 19 jul en Madrid. Entradas limitadas y reservados VIP disponibles. ¡Compra aquí tus tickets oficiales!"
https://www.fourvenues.com/es/nextplan/events/DEI2,FINAL MUNDIAL  PARTIDO ARGENTINA-ESPAÑA,DISCOTECA CATS,2026-07-19,19:30,+18,Smart / Arreglado,"Calle Julián Romea, 4, 28003 Madrid (Madrid), España",https://www.fourvenues.com/es/nextplan/events/DEI2,https://fourvenues.com/cdn-cgi/imagedelivery/kWuoTchaMsk7Xnc_FNem7A/1528c61e-b371-461f-a344-e6a797f2e700/w=1350,"No te pierdas FINAL MUNDIAL  PARTIDO ARGENTINA-ESPAÑA en CATS MADRID. Vive una noche épica este Dom, 19 jul en Madrid. Entradas limitadas y reservados VIP disponibles. ¡Compra aquí tus tickets oficiales!"
https://www.fourvenues.com/es/nextplan/events/W2GH,WATCH PARTY FINAL  AT SAINT 🇪🇸,SAINT CLUB,2026-07-19,19:30,+18,Smart / Arreglado,"Calle Velázquez, 64, Salamanca, 28001 Madrid, España",https://www.fourvenues.com/es/nextplan/events/W2GH,https://fourvenues.com/cdn-cgi/imagedelivery/kWuoTchaMsk7Xnc_FNem7A/2e04433f-9fa9-45bb-3eab-ca6df9433500/w=1350,"No te pierdas WATCH PARTY FINAL  AT SAINT 🇪🇸 en SAINT CLUB. Vive una noche épica este Dom, 19 jul en Madrid. Entradas limitadas y reservados VIP disponibles. ¡Compra aquí tus tickets oficiales!"
https://www.fourvenues.com/es/nextplan/events/281S,La Final con la Scaloneta 🇦🇷,Rubicon,2026-07-19,20:00,+18,Smart / Arreglado,"C. del Cid, 7, Salamanca, 28001 Madrid, España",https://www.fourvenues.com/es/nextplan/events/281S,https://fourvenues.com/cdn-cgi/imagedelivery/kWuoTchaMsk7Xnc_FNem7A/31a018af-b90b-469c-99f2-ece261559200/w=1350,"No te pierdas La Final con la Scaloneta 🇦🇷 en MADRID NO DESCANSA. Vive una noche épica este Dom, 19 jul en Madrid. Entradas limitadas y reservados VIP disponibles. ¡Compra aquí tus tickets oficiales!"
https://www.fourvenues.com/es/nextplan/events/R0FM,FINAL DOMINGO 19 ESPAÑA,Terraza del Hipódromo ,2026-07-19,20:00,+18,Smart / Arreglado,"Av. Padre Huidobro, S/N, A6 KM 8, 28023 Madrid, España",https://www.fourvenues.com/es/nextplan/events/R0FM,https://fourvenues.com/cdn-cgi/imagedelivery/kWuoTchaMsk7Xnc_FNem7A/7e308ce4-fa65-4905-37eb-b9315c10b200/w=1350,"No te pierdas FINAL DOMINGO 19 ESPAÑA en Los Jardines del Hipodromo. Vive una noche épica este Dom, 19 jul en Madrid. Entradas limitadas y reservados VIP disponibles. ¡Compra aquí tus tickets oficiales!"
https://www.fourvenues.com/es/nextplan/events/VVEZ,España vs Argentina + POST-PARTY hasta las 05:30 AM,MARVEL MADRID,2026-07-19,20:00,+18,Smart / Arreglado,"C. de Joaquín Costa, 27, 28002 Madrid, España",https://www.fourvenues.com/es/nextplan/events/VVEZ,https://fourvenues.com/cdn-cgi/imagedelivery/kWuoTchaMsk7Xnc_FNem7A/a15a3dbc-2bef-4284-096b-8eb6cf541200/w=1350,"No te pierdas España vs Argentina + POST-PARTY hasta las 05:30 AM en DISCOTECA MARVEL. Vive una noche épica este Dom, 19 jul en Madrid. Entradas limitadas y reservados VIP disponibles. ¡Compra aquí tus tickets oficiales!"
https://www.fourvenues.com/es/nextplan/events/N07L,España vs Argentina – Final del Mundial 2026 en Pantalla Gigante | B12 Madrid,Discoteca B12 Madrid,2026-07-19,20:30,+18,Smart / Arreglado,"C. de Joaquín Costa, 27, 28002 Madrid, España",https://www.fourvenues.com/es/nextplan/events/N07L,https://fourvenues.com/cdn-cgi/imagedelivery/kWuoTchaMsk7Xnc_FNem7A/a41ab031-5411-4dec-0a97-d198914cac00/w=1350,"No te pierdas España vs Argentina – Final del Mundial 2026 en Pantalla Gigante | B12 Madrid en B12 Madrid. Vive una noche épica este Dom, 19 jul en Madrid. Entradas limitadas y reservados VIP disponibles. ¡Compra aquí tus tickets oficiales!"
https://www.fourvenues.com/es/nextplan/events/TCYI,DOMINGO,Discoteca Manama,2026-07-19,22:30,+18,Smart / Arreglado,"C. de Barcelona, 14, 28012 Madrid, España",https://www.fourvenues.com/es/nextplan/events/TCYI,https://fourvenues.com/cdn-cgi/imagedelivery/kWuoTchaMsk7Xnc_FNem7A/06cb36d6-dc72-41e4-75ac-3ba6e0950b00/w=1350,"No te pierdas DOMINGO en Manama Disco. Vive una noche épica este Dom, 19 jul en Madrid. Entradas limitadas y reservados VIP disponibles. ¡Compra aquí tus tickets oficiales!"
https://www.fourvenues.com/es/nextplan/events/8WVM,"COPAS A 3,5€",BLUE CLUB,2026-07-19,23:00,+18,Smart / Arreglado,"C. de Orense, 12, Tetuán, 28020 Madrid, España",https://www.fourvenues.com/es/nextplan/events/8WVM,https://fourvenues.com/cdn-cgi/imagedelivery/kWuoTchaMsk7Xnc_FNem7A/92df7ab8-6b84-420f-a788-82dbb9034d00/w=1350,"No te pierdas COPAS A 3,5€ en BLUE CLUB. Vive una noche épica este Dom, 19 jul en Madrid. Entradas limitadas y reservados VIP disponibles. ¡Compra aquí tus tickets oficiales!"
https://www.fourvenues.com/es/nextplan/events/20TI,AFTERPARTY FINAL ESPAÑA,Vandido,2026-07-20,00:00,+18,Smart / Arreglado,"Calle de Goya, 79, 28001 Madrid (Madrid), España",https://www.fourvenues.com/es/nextplan/events/20TI,https://d72sklgi05fbu.cloudfront.net/images/venues/cover/sm_el6dy69980ry7019j1uqze3e3yaZ8I1E.jpeg?versionId=5pguOH3o7bqZJPfEFT7nu5G04XGarnqs,"No te pierdas AFTERPARTY FINAL ESPAÑA en VANDIDO. Vive una noche épica este Dom, 19 jul en Madrid. Entradas limitadas y reservados VIP disponibles. ¡Compra aquí tus tickets oficiales!"
https://www.fourvenues.com/es/nextplan/events/NLF7,FINAL DEL MUNDIAL ⚽️ 🇪🇸🇦🇷| BELLAQUEO LAB,Cristo Social Club ,2026-07-20,00:00,+18,Smart / Arreglado,"Calle de Juan Bravo, 35, Salamanca, 28006 Madrid, España",https://www.fourvenues.com/es/nextplan/events/NLF7,https://fourvenues.com/cdn-cgi/imagedelivery/kWuoTchaMsk7Xnc_FNem7A/12338b94-68f6-47d4-965a-b320867e3200/w=1350,"No te pierdas FINAL DEL MUNDIAL ⚽️ 🇪🇸🇦🇷| BELLAQUEO LAB en CrisTo Social Club. Vive una noche épica este Dom, 19 jul en Madrid. Entradas limitadas y reservados VIP disponibles. ¡Compra aquí tus tickets oficiales!"
https://www.fourvenues.com/es/nextplan/events/QH70,DOMINGO,Nazca Club,2026-07-20,00:00,+18,Smart / Arreglado,"C. de Orense, 24, 28020 Madrid, España",https://www.fourvenues.com/es/nextplan/events/QH70,https://fourvenues.com/cdn-cgi/imagedelivery/kWuoTchaMsk7Xnc_FNem7A/7766c9d7-cebc-4d46-8959-2e53b7b56600/w=1350,"No te pierdas DOMINGO en Nazca Club. Vive una noche épica este Dom, 19 jul en Madrid. Entradas limitadas y reservados VIP disponibles. ¡Compra aquí tus tickets oficiales!"
https://www.fourvenues.com/es/nextplan/events/IXHG,SUNDAY'S at Tiffany's The Club,Tiffany's The Club,2026-07-20,00:00,+18,Smart / Arreglado,"Av. del Dr. Arce, 10, 28002 Madrid, España",https://www.fourvenues.com/es/nextplan/events/IXHG,https://fourvenues.com/cdn-cgi/imagedelivery/kWuoTchaMsk7Xnc_FNem7A/ca2964ea-ebee-48f4-4b26-3ff4a5143100/w=1350,"No te pierdas SUNDAY'S at Tiffany's The Club en TIFFANY'S THE CLUB. Vive una noche épica este Dom, 19 jul en Madrid. Entradas limitadas y reservados VIP disponibles. ¡Compra aquí tus tickets oficiales!"
https://www.fourvenues.com/es/nextplan/events/3RDK,SALA DE DESPECHO by Madrid No Descansa ,SALA DE DESPECHO.,2026-07-20,19:00,+18,Smart / Arreglado,"P.º de Recoletos, 18, Salamanca, 28004 Madrid, España",https://www.fourvenues.com/es/nextplan/events/3RDK,https://fourvenues.com/cdn-cgi/imagedelivery/kWuoTchaMsk7Xnc_FNem7A/0e31f0c3-a3b4-427a-d1ba-c1ee008d0000/w=1350,"No te pierdas SALA DE DESPECHO by Madrid No Descansa  en MADRID NO DESCANSA. Vive una noche épica este Lun, 20 jul en Madrid. Entradas limitadas y reservados VIP disponibles. ¡Compra aquí tus tickets oficiales!"
https://www.fourvenues.com/es/nextplan/events/65FP,LUNES,Discoteca Manama,2026-07-20,22:30,+18,Smart / Arreglado,"C. de Barcelona, 14, 28012 Madrid, España",https://www.fourvenues.com/es/nextplan/events/65FP,https://fourvenues.com/cdn-cgi/imagedelivery/kWuoTchaMsk7Xnc_FNem7A/68fd84bc-2636-4ec3-d194-757682c57400/w=1350,"No te pierdas LUNES en Manama Disco. Vive una noche épica este Lun, 20 jul en Madrid. Entradas limitadas y reservados VIP disponibles. ¡Compra aquí tus tickets oficiales!"
https://www.fourvenues.com/es/nextplan/events/SCLP,Fucking Monday,Shoko Madrid,2026-07-20,23:30,+18,Smart / Arreglado,"C. de Toledo, 86, Centro, 28005 Madrid, España",https://www.fourvenues.com/es/nextplan/events/SCLP,https://fourvenues.com/cdn-cgi/imagedelivery/kWuoTchaMsk7Xnc_FNem7A/c8c80158-b780-48e2-3ffe-109b3f86df00/w=1350,"No te pierdas Fucking Monday en Shôko Madrid. Vive una noche épica este Lun, 20 jul en Madrid. Entradas limitadas y reservados VIP disponibles. ¡Compra aquí tus tickets oficiales!"
https://www.fourvenues.com/es/nextplan/events/3IAS,FITZ x One World Airlines by ESN - FULL MOON,Fitz Club,2026-07-21,00:00,+18,Smart / Arreglado,"C. de la Princesa, 1, 28008 Madrid, España",https://www.fourvenues.com/es/nextplan/events/3IAS,https://fourvenues.com/cdn-cgi/imagedelivery/kWuoTchaMsk7Xnc_FNem7A/128ed12f-b760-45fd-b2ae-b9b1615f9400/w=1350,"No te pierdas FITZ x One World Airlines by ESN - FULL MOON en Fitz Madrid. Vive una noche épica este Lun, 20 jul en Madrid. Entradas limitadas y reservados VIP disponibles. ¡Compra aquí tus tickets oficiales!"
https://www.fourvenues.com/es/nextplan/events/G3LO,SUMMER CANDY AT TIFFANY’S,Tiffany's The Club,2026-07-21,00:00,+18,Smart / Arreglado,"Av. del Dr. Arce, 10, 28002 Madrid, España",https://www.fourvenues.com/es/nextplan/events/G3LO,https://fourvenues.com/cdn-cgi/imagedelivery/kWuoTchaMsk7Xnc_FNem7A/f0ee35da-535b-4a5b-dada-5de004893400/w=1350,"No te pierdas SUMMER CANDY AT TIFFANY’S en TIFFANY'S THE CLUB. Vive una noche épica este Lun, 20 jul en Madrid. Entradas limitadas y reservados VIP disponibles. ¡Compra aquí tus tickets oficiales!"
https://www.fourvenues.com/es/nextplan/events/215I,MARTES,Discoteca Manama,2026-07-21,22:30,+18,Smart / Arreglado,"C. de Barcelona, 14, 28012 Madrid, España",https://www.fourvenues.com/es/nextplan/events/215I,https://fourvenues.com/cdn-cgi/imagedelivery/kWuoTchaMsk7Xnc_FNem7A/657a1098-8752-4043-560a-c34acc6d6e00/w=1350,"No te pierdas MARTES en Manama Disco. Vive una noche épica este Mar, 21 jul en Madrid. Entradas limitadas y reservados VIP disponibles. ¡Compra aquí tus tickets oficiales!"
https://www.fourvenues.com/es/nextplan/events/GAKA,DESEO X NAZCA CLUB,DESEO,2026-07-21,23:45,+18,Smart / Arreglado,"C. de Orense, 24, 28020 Madrid, España",https://www.fourvenues.com/es/nextplan/events/GAKA,https://fourvenues.com/cdn-cgi/imagedelivery/kWuoTchaMsk7Xnc_FNem7A/12f56d19-f41e-4043-9daa-dbe791553000/w=1350,"No te pierdas DESEO X NAZCA CLUB en DESEO. Vive una noche épica este Mar, 21 jul en Madrid. Entradas limitadas y reservados VIP disponibles. ¡Compra aquí tus tickets oficiales!"
https://www.fourvenues.com/es/nextplan/events/ZBZ0,TUESDAYS SLVJ x 511,SLVJ,2026-07-21,23:45,+18,Smart / Arreglado,"C. de Velázquez, 62, 28001 Madrid, España",https://www.fourvenues.com/es/nextplan/events/ZBZ0,https://fourvenues.com/cdn-cgi/imagedelivery/kWuoTchaMsk7Xnc_FNem7A/dd982f47-8fe4-4619-469d-70db6b833600/w=1350,"No te pierdas TUESDAYS SLVJ x 511 en MADRID NO DESCANSA. Vive una noche épica este Mar, 21 jul en Madrid. Entradas limitadas y reservados VIP disponibles. ¡Compra aquí tus tickets oficiales!"
https://www.fourvenues.com/es/nextplan/events/XCDV,MARTES BARRA LIBRE  🇪🇸SUMMER EDITION🇪🇸,DISCOTECA CATS,2026-07-21,23:45,+18,Smart / Arreglado,"Calle Julián Romea, 4, 28003 Madrid (Madrid), España",https://www.fourvenues.com/es/nextplan/events/XCDV,https://fourvenues.com/cdn-cgi/imagedelivery/kWuoTchaMsk7Xnc_FNem7A/06d7eaca-d103-406b-448f-d7b474057c00/w=1350,"No te pierdas MARTES BARRA LIBRE  🇪🇸SUMMER EDITION🇪🇸 en CATS MADRID. Vive una noche épica este Mar, 21 jul en Madrid. Entradas limitadas y reservados VIP disponibles. ¡Compra aquí tus tickets oficiales!"
https://www.fourvenues.com/es/nextplan/events/J8P2,TUESDAY'S at Tiffany's The Club,Tiffany's The Club,2026-07-22,00:00,+18,Smart / Arreglado,"Av. del Dr. Arce, 10, 28002 Madrid, España",https://www.fourvenues.com/es/nextplan/events/J8P2,https://fourvenues.com/cdn-cgi/imagedelivery/kWuoTchaMsk7Xnc_FNem7A/68bbfd1c-8b49-4d92-3611-04208482ea00/w=1350,"No te pierdas TUESDAY'S at Tiffany's The Club en TIFFANY'S THE CLUB. Vive una noche épica este Mar, 21 jul en Madrid. Entradas limitadas y reservados VIP disponibles. ¡Compra aquí tus tickets oficiales!"
https://www.fourvenues.com/es/nextplan/events/DPYF,MARTES DESEO,Nazca Club,2026-07-22,00:00,+18,Smart / Arreglado,"C. de Orense, 24, 28020 Madrid, España",https://www.fourvenues.com/es/nextplan/events/DPYF,https://fourvenues.com/cdn-cgi/imagedelivery/kWuoTchaMsk7Xnc_FNem7A/4bafd147-b710-4c82-949c-80b96ed41700/w=1350,"No te pierdas MARTES DESEO en Nazca Club. Vive una noche épica este Mar, 21 jul en Madrid. Entradas limitadas y reservados VIP disponibles. ¡Compra aquí tus tickets oficiales!"
https://www.fourvenues.com/es/nextplan/events/8P9W,MARTES,PERRO NEGRO MADRID,2026-07-22,00:00,+18,Smart / Arreglado,"Calle de Don Ramón de la Cruz, 28, Salamanca, 28001 Madrid, Spain",https://www.fourvenues.com/es/nextplan/events/8P9W,https://fourvenues.com/cdn-cgi/imagedelivery/kWuoTchaMsk7Xnc_FNem7A/ad03f9f8-ffc9-4505-6340-507023af7500/w=1350,"No te pierdas MARTES en PERRO NEGRO MADRID. Vive una noche épica este Mar, 21 jul en Madrid. Entradas limitadas y reservados VIP disponibles. ¡Compra aquí tus tickets oficiales!"
https://www.fourvenues.com/es/nextplan/events/T3YK,Martes Fitz,Fitz Club,2026-07-22,00:00,+18,Smart / Arreglado,"C. de la Princesa, 1, 28008 Madrid, España",https://www.fourvenues.com/es/nextplan/events/T3YK,https://fourvenues.com/cdn-cgi/imagedelivery/kWuoTchaMsk7Xnc_FNem7A/3cb807ad-b440-4b35-2242-6023cdcb8900/w=1350,"No te pierdas Martes Fitz en Fitz Madrid. Vive una noche épica este Mar, 21 jul en Madrid. Entradas limitadas y reservados VIP disponibles. ¡Compra aquí tus tickets oficiales!"
https://www.fourvenues.com/es/nextplan/events/DH8W,Villa Panthera x Hausin’ Collective,Terraza del Hipódromo ,2026-07-22,20:00,+18,Smart / Arreglado,"Av. Padre Huidobro, S/N, A6 KM 8, 28023 Madrid, España",https://www.fourvenues.com/es/nextplan/events/DH8W,https://fourvenues.com/cdn-cgi/imagedelivery/kWuoTchaMsk7Xnc_FNem7A/e3407afc-5c09-4dba-de92-7534749cf100/w=1350,"No te pierdas Villa Panthera x Hausin’ Collective en Los Jardines del Hipodromo. Vive una noche épica este Mié, 22 jul en Madrid. Entradas limitadas y reservados VIP disponibles. ¡Compra aquí tus tickets oficiales!"
https://www.fourvenues.com/es/nextplan/events/KZ5M,MIÉRCOLES,Discoteca Manama,2026-07-22,22:30,+18,Smart / Arreglado,"C. de Barcelona, 14, 28012 Madrid, España",https://www.fourvenues.com/es/nextplan/events/KZ5M,https://fourvenues.com/cdn-cgi/imagedelivery/kWuoTchaMsk7Xnc_FNem7A/36128b96-0a76-494e-9b15-c7f0f7980c00/w=1350,"No te pierdas MIÉRCOLES en Manama Disco. Vive una noche épica este Mié, 22 jul en Madrid. Entradas limitadas y reservados VIP disponibles. ¡Compra aquí tus tickets oficiales!"
https://www.fourvenues.com/es/nextplan/events/4QX8,MIERCOLES BARRA LIBRE  🇪🇸SUMMER EDITION🇪🇸,DISCOTECA CATS,2026-07-22,23:45,+18,Smart / Arreglado,"Calle Julián Romea, 4, 28003 Madrid (Madrid), España",https://www.fourvenues.com/es/nextplan/events/4QX8,https://fourvenues.com/cdn-cgi/imagedelivery/kWuoTchaMsk7Xnc_FNem7A/22e023bd-a0b3-45d9-66fb-2207568c8b00/w=1350,"No te pierdas MIERCOLES BARRA LIBRE  🇪🇸SUMMER EDITION🇪🇸 en CATS MADRID. Vive una noche épica este Mié, 22 jul en Madrid. Entradas limitadas y reservados VIP disponibles. ¡Compra aquí tus tickets oficiales!"
https://www.fourvenues.com/es/nextplan/events/A70G,WEDNESDAY'S at Tiffany's The Club,Tiffany's The Club,2026-07-23,00:00,+18,Smart / Arreglado,"Av. del Dr. Arce, 10, 28002 Madrid, España",https://www.fourvenues.com/es/nextplan/events/A70G,https://fourvenues.com/cdn-cgi/imagedelivery/kWuoTchaMsk7Xnc_FNem7A/48eee00c-fdb4-47a3-1a10-807b88923f00/w=1350,"No te pierdas WEDNESDAY'S at Tiffany's The Club en TIFFANY'S THE CLUB. Vive una noche épica este Mié, 22 jul en Madrid. Entradas limitadas y reservados VIP disponibles. ¡Compra aquí tus tickets oficiales!"
https://www.fourvenues.com/es/nextplan/events/T11L,Miercoles VANDIDO - Rumba Latina,Vandido,2026-07-23,00:00,+18,Smart / Arreglado,"Calle de Goya, 79, 28001 Madrid (Madrid), España",https://www.fourvenues.com/es/nextplan/events/T11L,https://d72sklgi05fbu.cloudfront.net/images/venues/cover/sm_el6dy69980ry7019j1uqze3e3yaZ8I1E.jpeg?versionId=5pguOH3o7bqZJPfEFT7nu5G04XGarnqs,"No te pierdas Miercoles VANDIDO - Rumba Latina en VANDIDO. Vive una noche épica este Mié, 22 jul en Madrid. Entradas limitadas y reservados VIP disponibles. ¡Compra aquí tus tickets oficiales!"
https://www.fourvenues.com/es/nextplan/events/JZNK,BRYTIAGO + DIMELOFLOW x FITZ,Fitz Club,2026-07-23,00:00,+18,Smart / Arreglado,"C. de la Princesa, 1, 28008 Madrid, España",https://www.fourvenues.com/es/nextplan/events/JZNK,https://fourvenues.com/cdn-cgi/imagedelivery/kWuoTchaMsk7Xnc_FNem7A/8d0572fb-93cd-4cc0-a9a4-6ccdf4770100/w=1350,"No te pierdas BRYTIAGO + DIMELOFLOW x FITZ en Fitz Madrid. Vive una noche épica este Mié, 22 jul en Madrid. Entradas limitadas y reservados VIP disponibles. ¡Compra aquí tus tickets oficiales!"
https://www.fourvenues.com/es/nextplan/events/ALYE,MIERCOLES GUNILLA,Gunilla Club,2026-07-23,00:00,+18,Smart / Arreglado,"Calle de Recoletos, 16, 28001 Madrid (Madrid), España",https://www.fourvenues.com/es/nextplan/events/ALYE,https://fourvenues.com/cdn-cgi/imagedelivery/kWuoTchaMsk7Xnc_FNem7A/8811dba8-3461-4e06-f38b-aa0517470a00/w=1350,"No te pierdas MIERCOLES GUNILLA en Gunilla Club. Vive una noche épica este Mié, 22 jul en Madrid. Entradas limitadas y reservados VIP disponibles. ¡Compra aquí tus tickets oficiales!"
https://www.fourvenues.com/es/nextplan/events/3WV1,MIERCOLES,Nazca Club,2026-07-23,00:00,+18,Smart / Arreglado,"C. de Orense, 24, 28020 Madrid, España",https://www.fourvenues.com/es/nextplan/events/3WV1,https://fourvenues.com/cdn-cgi/imagedelivery/kWuoTchaMsk7Xnc_FNem7A/e9528528-3ca4-4faa-234c-bb8243561f00/w=1350,"No te pierdas MIERCOLES en Nazca Club. Vive una noche épica este Mié, 22 jul en Madrid. Entradas limitadas y reservados VIP disponibles. ¡Compra aquí tus tickets oficiales!"
https://www.fourvenues.com/es/nextplan/events/D01R,Miércoles,GABANA,2026-07-23,00:00,+18,Smart / Arreglado,"Calle de María de Molina, 39, 28006 Madrid, España",https://www.fourvenues.com/es/nextplan/events/D01R,https://fourvenues.com/cdn-cgi/imagedelivery/kWuoTchaMsk7Xnc_FNem7A/191c6853-411f-4522-d904-af420801d300/w=550,"No te pierdas Miércoles en GABANA MUSIC CLUB. Vive una noche épica este Mié, 22 jul en Madrid. Entradas limitadas y reservados VIP disponibles. ¡Compra aquí tus tickets oficiales!"
https://www.fourvenues.com/es/nextplan/events/VL1W,GREEN 2X1 AFTERWORK,Green Castellana,2026-07-23,17:00,+18,Smart / Arreglado,"Paseo de la Castellana, 40, 28046 Madrid (Madrid), España",https://www.fourvenues.com/es/nextplan/events/VL1W,https://fourvenues.com/cdn-cgi/imagedelivery/kWuoTchaMsk7Xnc_FNem7A/9cba5dad-31a2-4806-00ab-09ef202e9e00/w=1350,"No te pierdas GREEN 2X1 AFTERWORK en Green Social Club. Vive una noche épica este Jue, 23 jul en Madrid. Entradas limitadas y reservados VIP disponibles. ¡Compra aquí tus tickets oficiales!"
https://www.fourvenues.com/es/nextplan/events/ONRO,Afterwork Rooftop Pabblo,Pabblo,2026-07-23,18:00,+23,Smart / Arreglado,"Pl. Pablo Ruiz Picasso, 1, Tetuán, 28020 Madrid, Spain",https://www.fourvenues.com/es/nextplan/events/ONRO,https://fourvenues.com/cdn-cgi/imagedelivery/kWuoTchaMsk7Xnc_FNem7A/e19d646c-4dc2-4dfa-ab27-0be8d8bcaa00/w=1350,"No te pierdas Afterwork Rooftop Pabblo en Yatengoplan. Vive una noche épica este Jue, 23 jul en Madrid. Entradas limitadas y reservados VIP disponibles. ¡Compra aquí tus tickets oficiales!"
https://www.fourvenues.com/es/nextplan/events/IG81,Lauta Primera Vez en España,Teatro Magno,2026-07-23,20:00,+18,Smart / Arreglado,"Calle de Cedaceros, 7, 28014 Madrid (Madrid), España",https://www.fourvenues.com/es/nextplan/events/IG81,https://fourvenues.com/cdn-cgi/imagedelivery/kWuoTchaMsk7Xnc_FNem7A/14334312-e6cb-45eb-3bc0-ff65563ccb00/w=1350,"No te pierdas Lauta Primera Vez en España en Teatro Magno. Vive una noche épica este Jue, 23 jul en Madrid. Entradas limitadas y reservados VIP disponibles. ¡Compra aquí tus tickets oficiales!"
https://www.fourvenues.com/es/nextplan/events/06JH,JUEVES FENOMENO,Sala de Despecho,2026-07-23,20:00,+18,Smart / Arreglado,"C. de Recoletos, 13, Salamanca, 28001 Madrid, España",https://www.fourvenues.com/es/nextplan/events/06JH,https://fourvenues.com/cdn-cgi/imagedelivery/kWuoTchaMsk7Xnc_FNem7A/c2c8fcaa-31df-48a2-99d7-8186f44ea700/w=1350,"No te pierdas JUEVES FENOMENO en MADRID NO DESCANSA. Vive una noche épica este Jue, 23 jul en . Entradas limitadas y reservados VIP disponibles. ¡Compra aquí tus tickets oficiales!"
https://www.fourvenues.com/es/nextplan/events/AF35,“THURSDAY MOOD” AT HABANERA + AFTER PARTY RUBICON,Habanera,2026-07-23,22:30,+18,Smart / Arreglado,"Calle de Génova, 28, 28004 Madrid, España",https://www.fourvenues.com/es/nextplan/events/AF35,https://fourvenues.com/cdn-cgi/imagedelivery/kWuoTchaMsk7Xnc_FNem7A/1aa3ed83-1b08-43ad-d3f5-f282a06c2c00/w=1350,"No te pierdas “THURSDAY MOOD” AT HABANERA + AFTER PARTY RUBICON en NIGHT OUT MADRID. Vive una noche épica este Jue, 23 jul en Madrid. Entradas limitadas y reservados VIP disponibles. ¡Compra aquí tus tickets oficiales!"
https://www.fourvenues.com/es/nextplan/events/UXIS,JUEVES,Discoteca Manama,2026-07-23,22:30,+18,Smart / Arreglado,"C. de Barcelona, 14, 28012 Madrid, España",https://www.fourvenues.com/es/nextplan/events/UXIS,https://fourvenues.com/cdn-cgi/imagedelivery/kWuoTchaMsk7Xnc_FNem7A/a1a143d7-3558-4783-3f96-1aa51080db00/w=1350,"No te pierdas JUEVES en Manama Disco. Vive una noche épica este Jue, 23 jul en Madrid. Entradas limitadas y reservados VIP disponibles. ¡Compra aquí tus tickets oficiales!"
https://www.fourvenues.com/es/nextplan/events/DIPE,JUEVES BARRA LIBRE  🇪🇸SUMMER EDITION🇪🇸,DISCOTECA CATS,2026-07-23,23:45,+18,Smart / Arreglado,"Calle Julián Romea, 4, 28003 Madrid (Madrid), España",https://www.fourvenues.com/es/nextplan/events/DIPE,https://fourvenues.com/cdn-cgi/imagedelivery/kWuoTchaMsk7Xnc_FNem7A/b8f64539-01c5-4c24-58d2-6f70d0dad400/w=1350,"No te pierdas JUEVES BARRA LIBRE  🇪🇸SUMMER EDITION🇪🇸 en CATS MADRID. Vive una noche épica este Jue, 23 jul en Madrid. Entradas limitadas y reservados VIP disponibles. ¡Compra aquí tus tickets oficiales!"
https://www.fourvenues.com/es/nextplan/events/3KDY,OH MY CLUB JUEVES,Oh My Club,2026-07-23,23:45,+18,Smart / Arreglado,"C. de Rosario Pino, 14, 28020 Madrid, España",https://www.fourvenues.com/es/nextplan/events/3KDY,https://fourvenues.com/cdn-cgi/imagedelivery/kWuoTchaMsk7Xnc_FNem7A/5713e542-af57-42e6-8485-03934d2d3100/w=1350,"No te pierdas OH MY CLUB JUEVES en Oh My Club. Vive una noche épica este Jue, 23 jul en Madrid. Entradas limitadas y reservados VIP disponibles. ¡Compra aquí tus tickets oficiales!"
https://www.fourvenues.com/es/nextplan/events/0TB4,TEATRO MAGNO X PICHEO,Teatro Magno,2026-07-23,23:59,+18,Smart / Arreglado,"Calle de Cedaceros, 7, 28014 Madrid (Madrid), España",https://www.fourvenues.com/es/nextplan/events/0TB4,https://fourvenues.com/cdn-cgi/imagedelivery/kWuoTchaMsk7Xnc_FNem7A/e1a50b65-71a1-426b-5eaf-a25ae78ede00/w=1350,"No te pierdas TEATRO MAGNO X PICHEO en Teatro Magno. Vive una noche épica este Jue, 23 jul en Madrid. Entradas limitadas y reservados VIP disponibles. ¡Compra aquí tus tickets oficiales!"
https://www.fourvenues.com/es/nextplan/events/ZECM,Jueves Bonded,BONDED CLUB,2026-07-24,00:00,+18,Smart / Arreglado,"C. de Miguel Ángel, 9, 28010 Madrid, España",https://www.fourvenues.com/es/nextplan/events/ZECM,https://d72sklgi05fbu.cloudfront.net/images/venues/cover/sm_Ills0up3h00r601c10ta15191g4iRC0k.jpeg?versionId=3FSUYSNjnIXKNgKcc1bVmXcC3_WWVkhW,"No te pierdas Jueves Bonded en BONDED CLUB. Vive una noche épica este Jue, 23 jul en Madrid. Entradas limitadas y reservados VIP disponibles. ¡Compra aquí tus tickets oficiales!"
https://www.fourvenues.com/es/nextplan/events/RRG0,Jueves FITZ,Fitz Club,2026-07-24,00:00,+18,Smart / Arreglado,"C. de la Princesa, 1, 28008 Madrid, España",https://www.fourvenues.com/es/nextplan/events/RRG0,https://fourvenues.com/cdn-cgi/imagedelivery/kWuoTchaMsk7Xnc_FNem7A/8b797e64-f448-4fbf-e64b-31ea6ef9f000/w=550,"No te pierdas Jueves FITZ en Fitz Madrid. Vive una noche épica este Jue, 23 jul en Madrid. Entradas limitadas y reservados VIP disponibles. ¡Compra aquí tus tickets oficiales!"
https://www.fourvenues.com/es/nextplan/events/HLBB,JUEVES,Nazca Club,2026-07-24,00:00,+18,Smart / Arreglado,"C. de Orense, 24, 28020 Madrid, España",https://www.fourvenues.com/es/nextplan/events/HLBB,https://fourvenues.com/cdn-cgi/imagedelivery/kWuoTchaMsk7Xnc_FNem7A/524c9da3-3d2c-47d8-d989-e7e0fe646400/w=1350,"No te pierdas JUEVES en Nazca Club. Vive una noche épica este Jue, 23 jul en Madrid. Entradas limitadas y reservados VIP disponibles. ¡Compra aquí tus tickets oficiales!"
https://www.fourvenues.com/es/nextplan/events/ZHKD,B12 - ENTRADAS,Discoteca B12 Madrid,2026-07-24,00:00,+18,Smart / Arreglado,"C. de Joaquín Costa, 27, 28002 Madrid, España",https://www.fourvenues.com/es/nextplan/events/ZHKD,https://d72sklgi05fbu.cloudfront.net/images/venues/cover/sm_Hllm2chtl02aw01chblog4k6aAEPBBrr.jpeg?versionId=b1HUEmxegtcRkHu1x3zOwqYgY9tbI4Bh,"No te pierdas B12 - ENTRADAS en B12 Madrid. Vive una noche épica este Jue, 23 jul en Madrid. Entradas limitadas y reservados VIP disponibles. ¡Compra aquí tus tickets oficiales!"
https://www.fourvenues.com/es/nextplan/events/2Q60,Jueves VANDIDO,Vandido,2026-07-24,00:00,+18,Smart / Arreglado,"Calle de Goya, 79, 28001 Madrid (Madrid), España",https://www.fourvenues.com/es/nextplan/events/2Q60,https://fourvenues.com/cdn-cgi/imagedelivery/kWuoTchaMsk7Xnc_FNem7A/83b75068-26fb-461b-987e-bcbea6860900/w=1350,"No te pierdas Jueves VANDIDO en VANDIDO. Vive una noche épica este Jue, 23 jul en Madrid. Entradas limitadas y reservados VIP disponibles. ¡Compra aquí tus tickets oficiales!"
https://www.fourvenues.com/es/nextplan/events/MN4P,MARA ELECTRONIC DRUMS,Cristo Social Club ,2026-07-24,00:00,+18,Smart / Arreglado,"Calle de Juan Bravo, 35, Salamanca, 28006 Madrid, España",https://www.fourvenues.com/es/nextplan/events/MN4P,https://fourvenues.com/cdn-cgi/imagedelivery/kWuoTchaMsk7Xnc_FNem7A/5799ecad-004e-427d-b628-9a355961f200/w=1350,"No te pierdas MARA ELECTRONIC DRUMS en CrisTo Social Club. Vive una noche épica este Jue, 23 jul en Madrid. Entradas limitadas y reservados VIP disponibles. ¡Compra aquí tus tickets oficiales!"
https://www.fourvenues.com/es/nextplan/events/H1RP,PERRE ON BY TIFFANY’S THE CLUB,Tiffany's The Club,2026-07-24,00:00,+18,Smart / Arreglado,"Av. del Dr. Arce, 10, 28002 Madrid, España",https://www.fourvenues.com/es/nextplan/events/H1RP,https://fourvenues.com/cdn-cgi/imagedelivery/kWuoTchaMsk7Xnc_FNem7A/6e1badcf-420b-47e0-3bfd-af8f0f6d9000/w=1350,"No te pierdas PERRE ON BY TIFFANY’S THE CLUB en TIFFANY'S THE CLUB. Vive una noche épica este Jue, 23 jul en Madrid. Entradas limitadas y reservados VIP disponibles. ¡Compra aquí tus tickets oficiales!"
https://www.fourvenues.com/es/nextplan/events/NHSX,JUEVES TODOS SANTOS,Todos Santos,2026-07-24,00:00,+18,Smart / Arreglado,"Calle de Génova, 28, Centro, 28004 Madrid, España",https://www.fourvenues.com/es/nextplan/events/NHSX,https://fourvenues.com/cdn-cgi/imagedelivery/kWuoTchaMsk7Xnc_FNem7A/7750f9a4-1e91-46f1-0e57-55a4ea234a00/w=1350,"No te pierdas JUEVES TODOS SANTOS en Todos Santos. Vive una noche épica este Jue, 23 jul en Madrid. Entradas limitadas y reservados VIP disponibles. ¡Compra aquí tus tickets oficiales!"
https://www.fourvenues.com/es/nextplan/events/DQU6,Terraza Karau,Karau,2026-07-24,18:00,+23,Smart / Arreglado,"P.º de Recoletos, 2, Salamanca, 28014 Madrid, España",https://www.fourvenues.com/es/nextplan/events/DQU6,https://d72sklgi05fbu.cloudfront.net/images/venues/cover/sm_Rl94racxz0f4601ar1o26fl3fZcDhLpl.jpeg?versionId=pUZaKCKlgsyOOTrz.bnvwz.fDOqqv.MG,"No te pierdas Terraza Karau en Yatengoplan. Vive una noche épica este Vie, 24 jul en Madrid. Entradas limitadas y reservados VIP disponibles. ¡Compra aquí tus tickets oficiales!"
https://www.fourvenues.com/es/nextplan/events/OGNK,| THE GREEN ROOM |,Green Castellana,2026-07-24,20:00,+18,Smart / Arreglado,"Paseo de la Castellana, 40, 28046 Madrid (Madrid), España",https://www.fourvenues.com/es/nextplan/events/OGNK,https://fourvenues.com/cdn-cgi/imagedelivery/kWuoTchaMsk7Xnc_FNem7A/6471a33b-f15e-4ec6-4af0-16396da02100/w=1350,"No te pierdas | THE GREEN ROOM | en Green Social Club. Vive una noche épica este Vie, 24 jul en Madrid. Entradas limitadas y reservados VIP disponibles. ¡Compra aquí tus tickets oficiales!"
https://www.fourvenues.com/es/nextplan/events/XW6X,Viernes malasañero,Dekada Madrid,2026-07-24,21:00,+18,Smart / Arreglado,"Calle de San Vicente Ferrer, 34, 28004 Madrid (Madrid), España",https://www.fourvenues.com/es/nextplan/events/XW6X,https://d72sklgi05fbu.cloudfront.net/images/venues/cover/sm_Glb40zsdv034g01e08gdzdxhcGZq61Ss.jpeg?versionId=F._zX3G.hdAIz7T1q.IuyuknzpjaOqvi,"No te pierdas Viernes malasañero en DEKADA. Vive una noche épica este Vie, 24 jul en Madrid. Entradas limitadas y reservados VIP disponibles. ¡Compra aquí tus tickets oficiales!"
https://www.fourvenues.com/es/nextplan/events/AULU,“THURSDAY MOOD” AT HABANERA + AFTER PARTY RUBICON,Habanera,2026-07-24,22:30,+18,Smart / Arreglado,"Calle de Génova, 28, 28004 Madrid, España",https://www.fourvenues.com/es/nextplan/events/AULU,https://fourvenues.com/cdn-cgi/imagedelivery/kWuoTchaMsk7Xnc_FNem7A/1aa3ed83-1b08-43ad-d3f5-f282a06c2c00/w=1350,"No te pierdas “THURSDAY MOOD” AT HABANERA + AFTER PARTY RUBICON en NIGHT OUT MADRID. Vive una noche épica este Vie, 24 jul en Madrid. Entradas limitadas y reservados VIP disponibles. ¡Compra aquí tus tickets oficiales!"
https://www.fourvenues.com/es/nextplan/events/SH26,VIERNES,Discoteca Manama,2026-07-24,22:30,+18,Smart / Arreglado,"C. de Barcelona, 14, 28012 Madrid, España",https://www.fourvenues.com/es/nextplan/events/SH26,https://fourvenues.com/cdn-cgi/imagedelivery/kWuoTchaMsk7Xnc_FNem7A/5b7386aa-913e-46d9-1a0a-f55fe703e500/w=1350,"No te pierdas VIERNES en Manama Disco. Vive una noche épica este Vie, 24 jul en Madrid. Entradas limitadas y reservados VIP disponibles. ¡Compra aquí tus tickets oficiales!"
https://www.fourvenues.com/es/nextplan/events/VTOZ,OH MY CLUB VIERNES HYPE,Oh My Club,2026-07-24,23:30,+18,Smart / Arreglado,"C. de Rosario Pino, 14, 28020 Madrid, España",https://www.fourvenues.com/es/nextplan/events/VTOZ,https://fourvenues.com/cdn-cgi/imagedelivery/kWuoTchaMsk7Xnc_FNem7A/f2e88a0c-1b2c-4df6-5715-50fdaeeaed00/w=1350,"No te pierdas OH MY CLUB VIERNES HYPE en Oh My Club. Vive una noche épica este Vie, 24 jul en Madrid. Entradas limitadas y reservados VIP disponibles. ¡Compra aquí tus tickets oficiales!"
https://www.fourvenues.com/es/nextplan/events/9OB7,VIERNES,Nazca Club,2026-07-24,23:45,+18,Smart / Arreglado,"C. de Orense, 24, 28020 Madrid, España",https://www.fourvenues.com/es/nextplan/events/9OB7,https://fourvenues.com/cdn-cgi/imagedelivery/kWuoTchaMsk7Xnc_FNem7A/88888bd3-d86b-4a1a-510a-296abc633900/w=1350,"No te pierdas VIERNES en Nazca Club. Vive una noche épica este Vie, 24 jul en Madrid. Entradas limitadas y reservados VIP disponibles. ¡Compra aquí tus tickets oficiales!"
https://www.fourvenues.com/es/nextplan/events/KAXY,La Fiesta del Mes by Mökai,Mokai Beach Club,2026-07-24,23:45,+18,Smart / Arreglado,"C. Ignacio Zuloaga, 6, 28522 Rivas-Vaciamadrid, Madrid, España",https://www.fourvenues.com/es/nextplan/events/KAXY,https://fourvenues.com/cdn-cgi/imagedelivery/kWuoTchaMsk7Xnc_FNem7A/c37e83e6-ca16-41cb-3a6b-525798260b00/w=1350,"No te pierdas La Fiesta del Mes by Mökai en Mokai Beach Club. Vive una noche épica este Vie, 24 jul en Rivas-Vaciamadrid. Entradas limitadas y reservados VIP disponibles. ¡Compra aquí tus tickets oficiales!"
https://www.fourvenues.com/es/nextplan/events/KOPL,2NOMADS x FITZ,Fitz Club,2026-07-25,00:00,+18,Smart / Arreglado,"C. de la Princesa, 1, 28008 Madrid, España",https://www.fourvenues.com/es/nextplan/events/KOPL,https://fourvenues.com/cdn-cgi/imagedelivery/kWuoTchaMsk7Xnc_FNem7A/66d8ef54-c88d-468d-399f-ed84995f2800/w=1350,"No te pierdas 2NOMADS x FITZ en Fitz Madrid. Vive una noche épica este Vie, 24 jul en Madrid. Entradas limitadas y reservados VIP disponibles. ¡Compra aquí tus tickets oficiales!"
https://www.fourvenues.com/es/nextplan/events/91GG,BELLAQUEO LAB,Cristo Social Club ,2026-07-25,00:00,+18,Smart / Arreglado,"Calle de Juan Bravo, 35, Salamanca, 28006 Madrid, España",https://www.fourvenues.com/es/nextplan/events/91GG,https://fourvenues.com/cdn-cgi/imagedelivery/kWuoTchaMsk7Xnc_FNem7A/8082d55b-e00c-4ac6-857f-963ad9bc5700/w=1350,"No te pierdas BELLAQUEO LAB en CrisTo Social Club. Vive una noche épica este Vie, 24 jul en Madrid. Entradas limitadas y reservados VIP disponibles. ¡Compra aquí tus tickets oficiales!"
https://www.fourvenues.com/es/nextplan/events/NAZR,B12 - ENTRADAS,Discoteca B12 Madrid,2026-07-25,00:00,+18,Smart / Arreglado,"C. de Joaquín Costa, 27, 28002 Madrid, España",https://www.fourvenues.com/es/nextplan/events/NAZR,https://d72sklgi05fbu.cloudfront.net/images/venues/cover/sm_Hllm2chtl02aw01chblog4k6aAEPBBrr.jpeg?versionId=b1HUEmxegtcRkHu1x3zOwqYgY9tbI4Bh,"No te pierdas B12 - ENTRADAS en B12 Madrid. Vive una noche épica este Vie, 24 jul en Madrid. Entradas limitadas y reservados VIP disponibles. ¡Compra aquí tus tickets oficiales!"
https://www.fourvenues.com/es/nextplan/events/6SLL,VIERNES MON: COPAS A 2€,Sala Mon,2026-07-25,00:00,+18,Smart / Arreglado,"C. de Hilarión Eslava, 36, 28015 Madrid, España",https://www.fourvenues.com/es/nextplan/events/6SLL,https://fourvenues.com/cdn-cgi/imagedelivery/kWuoTchaMsk7Xnc_FNem7A/02161a69-0f16-4184-731c-a585b0585900/w=1350,"No te pierdas VIERNES MON: COPAS A 2€ en Sala MON. Vive una noche épica este Vie, 24 jul en Madrid. Entradas limitadas y reservados VIP disponibles. ¡Compra aquí tus tickets oficiales!"
https://www.fourvenues.com/es/nextplan/events/QI9N,Vice club at Bonded,BONDED CLUB,2026-07-25,00:00,+18,Smart / Arreglado,"C. de Miguel Ángel, 9, 28010 Madrid, España",https://www.fourvenues.com/es/nextplan/events/QI9N,https://fourvenues.com/cdn-cgi/imagedelivery/kWuoTchaMsk7Xnc_FNem7A/0a4e3d75-42a8-400c-579f-1edc8a448b00/w=1350,"No te pierdas Vice club at Bonded en BONDED CLUB. Vive una noche épica este Vie, 24 jul en Madrid. Entradas limitadas y reservados VIP disponibles. ¡Compra aquí tus tickets oficiales!"
https://www.fourvenues.com/es/nextplan/events/N93D,Vacanciones,Chango Club (Peral's temple ),2026-07-25,00:00,+18,Smart / Arreglado,"Calle de Covarrubias, 42, 28010 Madrid, España",https://www.fourvenues.com/es/nextplan/events/N93D,https://fourvenues.com/cdn-cgi/imagedelivery/kWuoTchaMsk7Xnc_FNem7A/96091228-7da9-4cbd-509a-7c4d6d8c7a00/w=1350,"No te pierdas Vacanciones en CHANGO CLUB MADRID. Vive una noche épica este Vie, 24 jul en Madrid. Entradas limitadas y reservados VIP disponibles. ¡Compra aquí tus tickets oficiales!"
https://www.fourvenues.com/es/nextplan/events/MYDF,FRIDAY'S at Tiffany's The Club,Tiffany's The Club,2026-07-25,00:00,+18,Smart / Arreglado,"Av. del Dr. Arce, 10, 28002 Madrid, España",https://www.fourvenues.com/es/nextplan/events/MYDF,https://fourvenues.com/cdn-cgi/imagedelivery/kWuoTchaMsk7Xnc_FNem7A/8fa68e05-2713-46aa-4def-e990038c8700/w=1350,"No te pierdas FRIDAY'S at Tiffany's The Club en TIFFANY'S THE CLUB. Vive una noche épica este Vie, 24 jul en Madrid. Entradas limitadas y reservados VIP disponibles. ¡Compra aquí tus tickets oficiales!"
https://www.fourvenues.com/es/nextplan/events/AZ79,Viernes VANDIDO,Vandido,2026-07-25,00:00,+18,Smart / Arreglado,"Calle de Goya, 79, 28001 Madrid (Madrid), España",https://www.fourvenues.com/es/nextplan/events/AZ79,https://fourvenues.com/cdn-cgi/imagedelivery/kWuoTchaMsk7Xnc_FNem7A/87034508-9400-4817-e095-b6876704c000/w=1350,"No te pierdas Viernes VANDIDO en VANDIDO. Vive una noche épica este Vie, 24 jul en Madrid. Entradas limitadas y reservados VIP disponibles. ¡Compra aquí tus tickets oficiales!"
https://www.fourvenues.com/es/nextplan/events/CPF6,VIERNES RUBICON,Rubicon,2026-07-25,00:00,+18,Smart / Arreglado,"C. del Cid, 7, Salamanca, 28001 Madrid, España",https://www.fourvenues.com/es/nextplan/events/CPF6,https://fourvenues.com/cdn-cgi/imagedelivery/kWuoTchaMsk7Xnc_FNem7A/7078a49c-b114-4c98-6bcd-255dbbf48000/w=1350,"No te pierdas VIERNES RUBICON en MADRID NO DESCANSA. Vive una noche épica este Vie, 24 jul en Madrid. Entradas limitadas y reservados VIP disponibles. ¡Compra aquí tus tickets oficiales!"
https://www.fourvenues.com/es/nextplan/events/1VME,VIERNES DE SAINT CLUB,SAINT CLUB,2026-07-25,00:00,+18,Smart / Arreglado,"Calle Velázquez, 64, Salamanca, 28001 Madrid, España",https://www.fourvenues.com/es/nextplan/events/1VME,https://fourvenues.com/cdn-cgi/imagedelivery/kWuoTchaMsk7Xnc_FNem7A/ed364447-f27a-4a7a-46eb-1b0a9a19b000/w=1350,"No te pierdas VIERNES DE SAINT CLUB en SAINT CLUB. Vive una noche épica este Vie, 24 jul en Madrid. Entradas limitadas y reservados VIP disponibles. ¡Compra aquí tus tickets oficiales!"
https://www.fourvenues.com/es/nextplan/events/A2GW,PERRA ERA,Cristo Social Club ,2026-07-25,00:00,+18,Smart / Arreglado,"Calle de Juan Bravo, 35, Salamanca, 28006 Madrid, España",https://www.fourvenues.com/es/nextplan/events/A2GW,https://fourvenues.com/cdn-cgi/imagedelivery/kWuoTchaMsk7Xnc_FNem7A/762938cf-8c3c-4669-5bec-8b1ff1c01e00/w=1350,"No te pierdas PERRA ERA en CrisTo Social Club. Vive una noche épica este Vie, 24 jul en Madrid. Entradas limitadas y reservados VIP disponibles. ¡Compra aquí tus tickets oficiales!"
https://www.fourvenues.com/es/nextplan/events/Z0NK,VIERNES 24 JULIO EVENTO PRIVADO,DISCOTECA CATS,2026-07-25,00:00,+18,Smart / Arreglado,"Calle Julián Romea, 4, 28003 Madrid (Madrid), España",https://www.fourvenues.com/es/nextplan/events/Z0NK,https://d72sklgi05fbu.cloudfront.net/images/events/cover/Flfwej2ct017e018tffsm0nc7GEzRBAs.jpeg?versionId=F0a_.AOK4HBSP5Ad7OuGu4KX5EWlUHyE,"No te pierdas VIERNES 24 JULIO EVENTO PRIVADO en CATS MADRID. Vive una noche épica este Vie, 24 jul en Madrid. Entradas limitadas y reservados VIP disponibles. ¡Compra aquí tus tickets oficiales!"
https://www.fourvenues.com/es/nextplan/events/5K0G,2h BARRA LIBRE Y DESPUÉS COPAS A 3€ TODA LA NOCHE - VIERNES 24 LEMON MONCLOA,LEMON MADRID BANANA,2026-07-25,00:00,+18,Smart / Arreglado,"C. de Meléndez Valdés, 52, Chamberí, 28015 Madrid, España",https://www.fourvenues.com/es/nextplan/events/5K0G,https://fourvenues.com/cdn-cgi/imagedelivery/kWuoTchaMsk7Xnc_FNem7A/b2527691-f5aa-42e2-006e-fd288353ed00/w=1350,"No te pierdas 2h BARRA LIBRE Y DESPUÉS COPAS A 3€ TODA LA NOCHE - VIERNES 24 LEMON MONCLOA en LEMON MONCLOA. Vive una noche épica este Vie, 24 jul en Madrid. Entradas limitadas y reservados VIP disponibles. ¡Compra aquí tus tickets oficiales!"
https://www.fourvenues.com/es/nextplan/events/4J7A,Terraza Karau,Karau,2026-07-25,18:00,+23,Smart / Arreglado,"P.º de Recoletos, 2, Salamanca, 28014 Madrid, España",https://www.fourvenues.com/es/nextplan/events/4J7A,https://d72sklgi05fbu.cloudfront.net/images/venues/cover/sm_Rl94racxz0f4601ar1o26fl3fZcDhLpl.jpeg?versionId=pUZaKCKlgsyOOTrz.bnvwz.fDOqqv.MG,"No te pierdas Terraza Karau en Yatengoplan. Vive una noche épica este Sáb, 25 jul en Madrid. Entradas limitadas y reservados VIP disponibles. ¡Compra aquí tus tickets oficiales!"
https://www.fourvenues.com/es/nextplan/events/D04W,Rooftop Pabblo,Pabblo,2026-07-25,18:00,+23,Smart / Arreglado,"Pl. Pablo Ruiz Picasso, 1, Tetuán, 28020 Madrid, Spain",https://www.fourvenues.com/es/nextplan/events/D04W,https://fourvenues.com/cdn-cgi/imagedelivery/kWuoTchaMsk7Xnc_FNem7A/b165288f-ecb8-4a93-9deb-00ad9dabc400/w=1350,"No te pierdas Rooftop Pabblo en Yatengoplan. Vive una noche épica este Sáb, 25 jul en Madrid. Entradas limitadas y reservados VIP disponibles. ¡Compra aquí tus tickets oficiales!"
https://www.fourvenues.com/es/nextplan/events/6M0C,Teenage Channel Party ¡Summertime Edition!,MARVEL MADRID,2026-07-25,18:30,+18,Smart / Arreglado,"C. de Joaquín Costa, 27, 28002 Madrid, España",https://www.fourvenues.com/es/nextplan/events/6M0C,https://fourvenues.com/cdn-cgi/imagedelivery/kWuoTchaMsk7Xnc_FNem7A/24dfebfb-83ab-4cea-cf2f-8833851f9600/w=1350,"No te pierdas Teenage Channel Party ¡Summertime Edition! en DISCOTECA MARVEL. Vive una noche épica este Sáb, 25 jul en Madrid. Entradas limitadas y reservados VIP disponibles. ¡Compra aquí tus tickets oficiales!"
https://www.fourvenues.com/es/nextplan/events/4XGU,| THE GREEN ROOM |,Green Castellana,2026-07-25,20:00,+18,Smart / Arreglado,"Paseo de la Castellana, 40, 28046 Madrid (Madrid), España",https://www.fourvenues.com/es/nextplan/events/4XGU,https://fourvenues.com/cdn-cgi/imagedelivery/kWuoTchaMsk7Xnc_FNem7A/6471a33b-f15e-4ec6-4af0-16396da02100/w=1350,"No te pierdas | THE GREEN ROOM | en Green Social Club. Vive una noche épica este Sáb, 25 jul en Madrid. Entradas limitadas y reservados VIP disponibles. ¡Compra aquí tus tickets oficiales!"
https://www.fourvenues.com/es/nextplan/events/M29Q,Saturday nights,Dekada Madrid,2026-07-25,21:00,+18,Smart / Arreglado,"Calle de San Vicente Ferrer, 34, 28004 Madrid (Madrid), España",https://www.fourvenues.com/es/nextplan/events/M29Q,https://fourvenues.com/cdn-cgi/imagedelivery/kWuoTchaMsk7Xnc_FNem7A/a9998ccd-dffc-45d4-21cd-143c675dde00/w=1350,"No te pierdas Saturday nights en DEKADA. Vive una noche épica este Sáb, 25 jul en Madrid. Entradas limitadas y reservados VIP disponibles. ¡Compra aquí tus tickets oficiales!"
https://www.fourvenues.com/es/nextplan/events/05K2,OH MY CLUB SÁBADO,Oh My Club,2026-07-25,23:30,+18,Smart / Arreglado,"C. de Rosario Pino, 14, 28020 Madrid, España",https://www.fourvenues.com/es/nextplan/events/05K2,https://fourvenues.com/cdn-cgi/imagedelivery/kWuoTchaMsk7Xnc_FNem7A/a3fe60af-4516-4be1-7bea-fa94c0a8a300/w=1350,"No te pierdas OH MY CLUB SÁBADO en Oh My Club. Vive una noche épica este Sáb, 25 jul en Madrid. Entradas limitadas y reservados VIP disponibles. ¡Compra aquí tus tickets oficiales!"
https://www.fourvenues.com/es/nextplan/events/HNEG,SABADO,Nazca Club,2026-07-25,23:45,+18,Smart / Arreglado,"C. de Orense, 24, 28020 Madrid, España",https://www.fourvenues.com/es/nextplan/events/HNEG,https://fourvenues.com/cdn-cgi/imagedelivery/kWuoTchaMsk7Xnc_FNem7A/f36a1307-82e6-45d5-13ff-d4c6fa12e300/w=1350,"No te pierdas SABADO en Nazca Club. Vive una noche épica este Sáb, 25 jul en Madrid. Entradas limitadas y reservados VIP disponibles. ¡Compra aquí tus tickets oficiales!"
https://www.fourvenues.com/es/nextplan/events/G73R,La Fiesta del Mes by Mökai,Mokai Beach Club,2026-07-25,23:45,+18,Smart / Arreglado,"C. Ignacio Zuloaga, 6, 28522 Rivas-Vaciamadrid, Madrid, España",https://www.fourvenues.com/es/nextplan/events/G73R,https://fourvenues.com/cdn-cgi/imagedelivery/kWuoTchaMsk7Xnc_FNem7A/c37e83e6-ca16-41cb-3a6b-525798260b00/w=1350,"No te pierdas La Fiesta del Mes by Mökai en Mokai Beach Club. Vive una noche épica este Sáb, 25 jul en Rivas-Vaciamadrid. Entradas limitadas y reservados VIP disponibles. ¡Compra aquí tus tickets oficiales!"
https://www.fourvenues.com/es/nextplan/events/86BN,PERREOLAB & 511,Teatro Magno,2026-07-26,00:00,+18,Smart / Arreglado,"Calle de Cedaceros, 7, 28014 Madrid (Madrid), España",https://www.fourvenues.com/es/nextplan/events/86BN,https://fourvenues.com/cdn-cgi/imagedelivery/kWuoTchaMsk7Xnc_FNem7A/757ca179-c58c-456a-23a4-05e137a2ad00/w=1350,"No te pierdas PERREOLAB & 511 en Teatro Magno. Vive una noche épica este Sáb, 25 jul en Madrid. Entradas limitadas y reservados VIP disponibles. ¡Compra aquí tus tickets oficiales!"
https://www.fourvenues.com/es/nextplan/events/48KA,B12 - ENTRADAS,Discoteca B12 Madrid,2026-07-26,00:00,+18,Smart / Arreglado,"C. de Joaquín Costa, 27, 28002 Madrid, España",https://www.fourvenues.com/es/nextplan/events/48KA,https://d72sklgi05fbu.cloudfront.net/images/venues/cover/sm_Hllm2chtl02aw01chblog4k6aAEPBBrr.jpeg?versionId=b1HUEmxegtcRkHu1x3zOwqYgY9tbI4Bh,"No te pierdas B12 - ENTRADAS en B12 Madrid. Vive una noche épica este Sáb, 25 jul en Madrid. Entradas limitadas y reservados VIP disponibles. ¡Compra aquí tus tickets oficiales!"
https://www.fourvenues.com/es/nextplan/events/7FKR,SABADO MON - COPAS A 2€ - MOCOLOCO,Sala Mon,2026-07-26,00:00,+18,Smart / Arreglado,"C. de Hilarión Eslava, 36, 28015 Madrid, España",https://www.fourvenues.com/es/nextplan/events/7FKR,https://fourvenues.com/cdn-cgi/imagedelivery/kWuoTchaMsk7Xnc_FNem7A/7d11a54c-b986-4518-d61f-6c62ff844f00/w=1350,"No te pierdas SABADO MON - COPAS A 2€ - MOCOLOCO en Sala MON. Vive una noche épica este Sáb, 25 jul en Madrid. Entradas limitadas y reservados VIP disponibles. ¡Compra aquí tus tickets oficiales!"
https://www.fourvenues.com/es/nextplan/events/UDBE,Sábado BONDED CLUB,BONDED CLUB,2026-07-26,00:00,+23,Smart / Arreglado,"C. de Miguel Ángel, 9, 28010 Madrid, España",https://www.fourvenues.com/es/nextplan/events/UDBE,https://fourvenues.com/cdn-cgi/imagedelivery/kWuoTchaMsk7Xnc_FNem7A/1f356d08-7633-4564-6dd3-0f0180cfcb00/w=1350,"No te pierdas Sábado BONDED CLUB en BONDED CLUB. Vive una noche épica este Sáb, 25 jul en Madrid. Entradas limitadas y reservados VIP disponibles. ¡Compra aquí tus tickets oficiales!"
https://www.fourvenues.com/es/nextplan/events/AHZI,SATURDAY'S at Tiffany's The Club,Tiffany's The Club,2026-07-26,00:00,+18,Smart / Arreglado,"Av. del Dr. Arce, 10, 28002 Madrid, España",https://www.fourvenues.com/es/nextplan/events/AHZI,https://fourvenues.com/cdn-cgi/imagedelivery/kWuoTchaMsk7Xnc_FNem7A/8fa68e05-2713-46aa-4def-e990038c8700/w=1350,"No te pierdas SATURDAY'S at Tiffany's The Club en TIFFANY'S THE CLUB. Vive una noche épica este Sáb, 25 jul en Madrid. Entradas limitadas y reservados VIP disponibles. ¡Compra aquí tus tickets oficiales!"
https://www.fourvenues.com/es/nextplan/events/HIP6,ROMEO SANTOS x FITZ,Fitz Club,2026-07-26,00:00,+18,Smart / Arreglado,"C. de la Princesa, 1, 28008 Madrid, España",https://www.fourvenues.com/es/nextplan/events/HIP6,https://fourvenues.com/cdn-cgi/imagedelivery/kWuoTchaMsk7Xnc_FNem7A/124c6d9c-3bc5-4628-ea70-aa1bf7cfb400/w=1350,"No te pierdas ROMEO SANTOS x FITZ en Fitz Madrid. Vive una noche épica este Sáb, 25 jul en Madrid. Entradas limitadas y reservados VIP disponibles. ¡Compra aquí tus tickets oficiales!"
https://www.fourvenues.com/es/nextplan/events/PQ7R,2h BARRA LIBRE Y DESPUÉS COPAS A 3€ TODA LA NOCHE - SÁBADO 25 LEMON MONCLOA,LEMON MADRID BANANA,2026-07-26,00:00,+18,Smart / Arreglado,"C. de Meléndez Valdés, 52, Chamberí, 28015 Madrid, España",https://www.fourvenues.com/es/nextplan/events/PQ7R,https://fourvenues.com/cdn-cgi/imagedelivery/kWuoTchaMsk7Xnc_FNem7A/b2527691-f5aa-42e2-006e-fd288353ed00/w=1350,"No te pierdas 2h BARRA LIBRE Y DESPUÉS COPAS A 3€ TODA LA NOCHE - SÁBADO 25 LEMON MONCLOA en LEMON MONCLOA. Vive una noche épica este Sáb, 25 jul en Madrid. Entradas limitadas y reservados VIP disponibles. ¡Compra aquí tus tickets oficiales!"
https://www.fourvenues.com/es/nextplan/events/ZDAO,+595,Cristo Social Club ,2026-07-26,00:00,+18,Smart / Arreglado,"Calle de Juan Bravo, 35, Salamanca, 28006 Madrid, España",https://www.fourvenues.com/es/nextplan/events/ZDAO,https://fourvenues.com/cdn-cgi/imagedelivery/kWuoTchaMsk7Xnc_FNem7A/27e87873-e19b-449a-a020-abc441cea100/w=1350,"No te pierdas +595 en CrisTo Social Club. Vive una noche épica este Sáb, 25 jul en Madrid. Entradas limitadas y reservados VIP disponibles. ¡Compra aquí tus tickets oficiales!"
https://www.fourvenues.com/es/nextplan/events/3STD,CANDELA,SAINT CLUB,2026-07-26,00:00,+18,Smart / Arreglado,"Calle Velázquez, 64, Salamanca, 28001 Madrid, España",https://www.fourvenues.com/es/nextplan/events/3STD,https://fourvenues.com/cdn-cgi/imagedelivery/kWuoTchaMsk7Xnc_FNem7A/57b3bfab-e9bd-486c-9673-79f0df396c00/w=1350,"No te pierdas CANDELA en SAINT CLUB. Vive una noche épica este Sáb, 25 jul en Madrid. Entradas limitadas y reservados VIP disponibles. ¡Compra aquí tus tickets oficiales!"
https://www.fourvenues.com/es/nextplan/events/XAJ4,Sábado VANDIDO,Vandido,2026-07-26,00:00,+18,Smart / Arreglado,"Calle de Goya, 79, 28001 Madrid (Madrid), España",https://www.fourvenues.com/es/nextplan/events/XAJ4,https://fourvenues.com/cdn-cgi/imagedelivery/kWuoTchaMsk7Xnc_FNem7A/87b41bb1-72a5-489b-b121-8e9c385e1d00/w=1350,"No te pierdas Sábado VANDIDO en VANDIDO. Vive una noche épica este Sáb, 25 jul en Madrid. Entradas limitadas y reservados VIP disponibles. ¡Compra aquí tus tickets oficiales!"
https://www.fourvenues.com/es/nextplan/events/DVGI,CALLE 365 by MADRID  NO DESCANSA,CALLE 365,2026-07-26,18:00,+18,Smart / Arreglado,"Calle de Echegaray, 18, Centro, 28005 Madrid, España",https://www.fourvenues.com/es/nextplan/events/DVGI,https://fourvenues.com/cdn-cgi/imagedelivery/kWuoTchaMsk7Xnc_FNem7A/7b61b30d-046a-4c56-9eea-8b544df18200/w=1350,"No te pierdas CALLE 365 by MADRID  NO DESCANSA en MADRID NO DESCANSA. Vive una noche épica este Dom, 26 jul en Madrid. Entradas limitadas y reservados VIP disponibles. ¡Compra aquí tus tickets oficiales!"
https://www.fourvenues.com/es/nextplan/events/T3VW,DOMINGO,Discoteca Manama,2026-07-26,22:30,+18,Smart / Arreglado,"C. de Barcelona, 14, 28012 Madrid, España",https://www.fourvenues.com/es/nextplan/events/T3VW,https://fourvenues.com/cdn-cgi/imagedelivery/kWuoTchaMsk7Xnc_FNem7A/06cb36d6-dc72-41e4-75ac-3ba6e0950b00/w=1350,"No te pierdas DOMINGO en Manama Disco. Vive una noche épica este Dom, 26 jul en Madrid. Entradas limitadas y reservados VIP disponibles. ¡Compra aquí tus tickets oficiales!"
https://www.fourvenues.com/es/nextplan/events/P7RI,DOMINGO,Nazca Club,2026-07-27,00:00,+18,Smart / Arreglado,"C. de Orense, 24, 28020 Madrid, España",https://www.fourvenues.com/es/nextplan/events/P7RI,https://fourvenues.com/cdn-cgi/imagedelivery/kWuoTchaMsk7Xnc_FNem7A/851362e9-4ceb-44bc-a7ef-c270d957bf00/w=1350,"No te pierdas DOMINGO en Nazca Club. Vive una noche épica este Dom, 26 jul en Madrid. Entradas limitadas y reservados VIP disponibles. ¡Compra aquí tus tickets oficiales!"
https://www.fourvenues.com/es/nextplan/events/8E4A,SUNDAY'S at Tiffany's The Club,Tiffany's The Club,2026-07-27,00:00,+18,Smart / Arreglado,"Av. del Dr. Arce, 10, 28002 Madrid, España",https://www.fourvenues.com/es/nextplan/events/8E4A,https://fourvenues.com/cdn-cgi/imagedelivery/kWuoTchaMsk7Xnc_FNem7A/240f019f-3c33-466f-154a-fa4321f07d00/w=1350,"No te pierdas SUNDAY'S at Tiffany's The Club en TIFFANY'S THE CLUB. Vive una noche épica este Dom, 26 jul en Madrid. Entradas limitadas y reservados VIP disponibles. ¡Compra aquí tus tickets oficiales!"
https://www.fourvenues.com/es/nextplan/events/DW9I,SALA DE DESPECHO by Madrid No Descansa ,SALA DE DESPECHO.,2026-07-27,19:00,+18,Smart / Arreglado,"P.º de Recoletos, 18, Salamanca, 28004 Madrid, España",https://www.fourvenues.com/es/nextplan/events/DW9I,https://fourvenues.com/cdn-cgi/imagedelivery/kWuoTchaMsk7Xnc_FNem7A/0e31f0c3-a3b4-427a-d1ba-c1ee008d0000/w=1350,"No te pierdas SALA DE DESPECHO by Madrid No Descansa  en MADRID NO DESCANSA. Vive una noche épica este Lun, 27 jul en Madrid. Entradas limitadas y reservados VIP disponibles. ¡Compra aquí tus tickets oficiales!"
https://www.fourvenues.com/es/nextplan/events/FUNM,LUNES,Discoteca Manama,2026-07-27,22:30,+18,Smart / Arreglado,"C. de Barcelona, 14, 28012 Madrid, España",https://www.fourvenues.com/es/nextplan/events/FUNM,https://fourvenues.com/cdn-cgi/imagedelivery/kWuoTchaMsk7Xnc_FNem7A/68fd84bc-2636-4ec3-d194-757682c57400/w=1350,"No te pierdas LUNES en Manama Disco. Vive una noche épica este Lun, 27 jul en Madrid. Entradas limitadas y reservados VIP disponibles. ¡Compra aquí tus tickets oficiales!"
https://www.fourvenues.com/es/nextplan/events/V9CS,Fucking Monday,Shoko Madrid,2026-07-27,23:30,+18,Smart / Arreglado,"C. de Toledo, 86, Centro, 28005 Madrid, España",https://www.fourvenues.com/es/nextplan/events/V9CS,https://fourvenues.com/cdn-cgi/imagedelivery/kWuoTchaMsk7Xnc_FNem7A/f1b0134d-49e4-4371-94bb-69772d950600/w=1350,"No te pierdas Fucking Monday en Shôko Madrid. Vive una noche épica este Lun, 27 jul en Madrid. Entradas limitadas y reservados VIP disponibles. ¡Compra aquí tus tickets oficiales!"
https://www.fourvenues.com/es/nextplan/events/UZMN,SUMMER CANDY AT TIFFANY’S,Tiffany's The Club,2026-07-28,00:00,+18,Smart / Arreglado,"Av. del Dr. Arce, 10, 28002 Madrid, España",https://www.fourvenues.com/es/nextplan/events/UZMN,https://fourvenues.com/cdn-cgi/imagedelivery/kWuoTchaMsk7Xnc_FNem7A/fbb4f5ed-afcc-46ef-d9fe-34af1d10fa00/w=1350,"No te pierdas SUMMER CANDY AT TIFFANY’S en TIFFANY'S THE CLUB. Vive una noche épica este Lun, 27 jul en Madrid. Entradas limitadas y reservados VIP disponibles. ¡Compra aquí tus tickets oficiales!"
https://www.fourvenues.com/es/nextplan/events/QBZR,FITZ x One World Airlines by ESN - FULL MOON,Fitz Club,2026-07-28,00:00,+18,Smart / Arreglado,"C. de la Princesa, 1, 28008 Madrid, España",https://www.fourvenues.com/es/nextplan/events/QBZR,https://fourvenues.com/cdn-cgi/imagedelivery/kWuoTchaMsk7Xnc_FNem7A/0aa97a03-a659-4ef7-6399-cbb98a81c800/w=1350,"No te pierdas FITZ x One World Airlines by ESN - FULL MOON en Fitz Madrid. Vive una noche épica este Lun, 27 jul en Madrid. Entradas limitadas y reservados VIP disponibles. ¡Compra aquí tus tickets oficiales!"
https://www.fourvenues.com/es/nextplan/events/3FAO,MARTES,Discoteca Manama,2026-07-28,22:30,+18,Smart / Arreglado,"C. de Barcelona, 14, 28012 Madrid, España",https://www.fourvenues.com/es/nextplan/events/3FAO,https://fourvenues.com/cdn-cgi/imagedelivery/kWuoTchaMsk7Xnc_FNem7A/657a1098-8752-4043-560a-c34acc6d6e00/w=1350,"No te pierdas MARTES en Manama Disco. Vive una noche épica este Mar, 28 jul en Madrid. Entradas limitadas y reservados VIP disponibles. ¡Compra aquí tus tickets oficiales!"
https://www.fourvenues.com/es/nextplan/events/FF6S,TUESDAYS SLVJ x 511,SLVJ,2026-07-28,23:45,+18,Smart / Arreglado,"C. de Velázquez, 62, 28001 Madrid, España",https://www.fourvenues.com/es/nextplan/events/FF6S,https://fourvenues.com/cdn-cgi/imagedelivery/kWuoTchaMsk7Xnc_FNem7A/dd982f47-8fe4-4619-469d-70db6b833600/w=1350,"No te pierdas TUESDAYS SLVJ x 511 en MADRID NO DESCANSA. Vive una noche épica este Mar, 28 jul en Madrid. Entradas limitadas y reservados VIP disponibles. ¡Compra aquí tus tickets oficiales!"
https://www.fourvenues.com/es/nextplan/events/LZ0J,DESEO X NAZCA CLUB,DESEO,2026-07-28,23:45,+18,Smart / Arreglado,"C. de Orense, 24, 28020 Madrid, España",https://www.fourvenues.com/es/nextplan/events/LZ0J,https://fourvenues.com/cdn-cgi/imagedelivery/kWuoTchaMsk7Xnc_FNem7A/58a3136f-e873-4c6c-1eb3-5e623534f100/w=1350,"No te pierdas DESEO X NAZCA CLUB en DESEO. Vive una noche épica este Mar, 28 jul en Madrid. Entradas limitadas y reservados VIP disponibles. ¡Compra aquí tus tickets oficiales!"
https://www.fourvenues.com/es/nextplan/events/7XHC,MARTES,PERRO NEGRO MADRID,2026-07-29,00:00,+18,Smart / Arreglado,"Calle de Don Ramón de la Cruz, 28, Salamanca, 28001 Madrid, Spain",https://www.fourvenues.com/es/nextplan/events/7XHC,https://fourvenues.com/cdn-cgi/imagedelivery/kWuoTchaMsk7Xnc_FNem7A/3c459078-c553-4884-aab8-5145a1ce1700/w=1350,"No te pierdas MARTES en PERRO NEGRO MADRID. Vive una noche épica este Mar, 28 jul en Madrid. Entradas limitadas y reservados VIP disponibles. ¡Compra aquí tus tickets oficiales!"
https://www.fourvenues.com/es/nextplan/events/LXP2,MARTES DESEO,Nazca Club,2026-07-29,00:00,+18,Smart / Arreglado,"C. de Orense, 24, 28020 Madrid, España",https://www.fourvenues.com/es/nextplan/events/LXP2,https://fourvenues.com/cdn-cgi/imagedelivery/kWuoTchaMsk7Xnc_FNem7A/4bafd147-b710-4c82-949c-80b96ed41700/w=1350,"No te pierdas MARTES DESEO en Nazca Club. Vive una noche épica este Mar, 28 jul en Madrid. Entradas limitadas y reservados VIP disponibles. ¡Compra aquí tus tickets oficiales!"
https://www.fourvenues.com/es/nextplan/events/7MVT,TUESDAY'S at Tiffany's The Club,Tiffany's The Club,2026-07-29,00:00,+18,Smart / Arreglado,"Av. del Dr. Arce, 10, 28002 Madrid, España",https://www.fourvenues.com/es/nextplan/events/7MVT,https://fourvenues.com/cdn-cgi/imagedelivery/kWuoTchaMsk7Xnc_FNem7A/68bbfd1c-8b49-4d92-3611-04208482ea00/w=1350,"No te pierdas TUESDAY'S at Tiffany's The Club en TIFFANY'S THE CLUB. Vive una noche épica este Mar, 28 jul en Madrid. Entradas limitadas y reservados VIP disponibles. ¡Compra aquí tus tickets oficiales!"
https://www.fourvenues.com/es/nextplan/events/WH7G,LUAR LA L + DIMELOFLOW x FITZ,Fitz Club,2026-07-29,00:00,+18,Smart / Arreglado,"C. de la Princesa, 1, 28008 Madrid, España",https://www.fourvenues.com/es/nextplan/events/WH7G,https://fourvenues.com/cdn-cgi/imagedelivery/kWuoTchaMsk7Xnc_FNem7A/8b797e64-f448-4fbf-e64b-31ea6ef9f000/w=550,"No te pierdas LUAR LA L + DIMELOFLOW x FITZ en Fitz Madrid. Vive una noche épica este Mar, 28 jul en Madrid. Entradas limitadas y reservados VIP disponibles. ¡Compra aquí tus tickets oficiales!"
https://www.fourvenues.com/es/nextplan/events/3NKX,Los Jardines del Hipódromo,Terraza del Hipódromo ,2026-07-29,20:00,+18,Smart / Arreglado,"Av. Padre Huidobro, S/N, A6 KM 8, 28023 Madrid, España",https://www.fourvenues.com/es/nextplan/events/3NKX,https://fourvenues.com/cdn-cgi/imagedelivery/kWuoTchaMsk7Xnc_FNem7A/f7002611-280d-4438-a3f7-109b866fb700/w=1350,"No te pierdas Los Jardines del Hipódromo en Los Jardines del Hipodromo. Vive una noche épica este Mié, 29 jul en Madrid. Entradas limitadas y reservados VIP disponibles. ¡Compra aquí tus tickets oficiales!"
https://www.fourvenues.com/es/nextplan/events/UWMN,MIÉRCOLES,Discoteca Manama,2026-07-29,22:30,+18,Smart / Arreglado,"C. de Barcelona, 14, 28012 Madrid, España",https://www.fourvenues.com/es/nextplan/events/UWMN,https://fourvenues.com/cdn-cgi/imagedelivery/kWuoTchaMsk7Xnc_FNem7A/36128b96-0a76-494e-9b15-c7f0f7980c00/w=1350,"No te pierdas MIÉRCOLES en Manama Disco. Vive una noche épica este Mié, 29 jul en Madrid. Entradas limitadas y reservados VIP disponibles. ¡Compra aquí tus tickets oficiales!"
https://www.fourvenues.com/es/nextplan/events/RB0W,JUAN DUQUE + DIMELOFLOW x FITZ,Fitz Club,2026-07-30,00:00,+18,Smart / Arreglado,"C. de la Princesa, 1, 28008 Madrid, España",https://www.fourvenues.com/es/nextplan/events/RB0W,https://fourvenues.com/cdn-cgi/imagedelivery/kWuoTchaMsk7Xnc_FNem7A/6a6016aa-be8f-4c6b-9564-a7e89db5e100/w=1350,"No te pierdas JUAN DUQUE + DIMELOFLOW x FITZ en Fitz Madrid. Vive una noche épica este Mié, 29 jul en Madrid. Entradas limitadas y reservados VIP disponibles. ¡Compra aquí tus tickets oficiales!"
https://www.fourvenues.com/es/nextplan/events/UKDT,MIERCOLES,Nazca Club,2026-07-30,00:00,+18,Smart / Arreglado,"C. de Orense, 24, 28020 Madrid, España",https://www.fourvenues.com/es/nextplan/events/UKDT,https://fourvenues.com/cdn-cgi/imagedelivery/kWuoTchaMsk7Xnc_FNem7A/e9528528-3ca4-4faa-234c-bb8243561f00/w=1350,"No te pierdas MIERCOLES en Nazca Club. Vive una noche épica este Mié, 29 jul en Madrid. Entradas limitadas y reservados VIP disponibles. ¡Compra aquí tus tickets oficiales!"
https://www.fourvenues.com/es/nextplan/events/5K3P,WEDNESDAY'S at Tiffany's The Club,Tiffany's The Club,2026-07-30,00:00,+18,Smart / Arreglado,"Av. del Dr. Arce, 10, 28002 Madrid, España",https://www.fourvenues.com/es/nextplan/events/5K3P,https://fourvenues.com/cdn-cgi/imagedelivery/kWuoTchaMsk7Xnc_FNem7A/48eee00c-fdb4-47a3-1a10-807b88923f00/w=1350,"No te pierdas WEDNESDAY'S at Tiffany's The Club en TIFFANY'S THE CLUB. Vive una noche épica este Mié, 29 jul en Madrid. Entradas limitadas y reservados VIP disponibles. ¡Compra aquí tus tickets oficiales!"
https://www.fourvenues.com/es/nextplan/events/QTDN,Miercoles VANDIDO - Rumba Latina,Vandido,2026-07-30,00:00,+18,Smart / Arreglado,"Calle de Goya, 79, 28001 Madrid (Madrid), España",https://www.fourvenues.com/es/nextplan/events/QTDN,https://d72sklgi05fbu.cloudfront.net/images/venues/cover/sm_el6dy69980ry7019j1uqze3e3yaZ8I1E.jpeg?versionId=5pguOH3o7bqZJPfEFT7nu5G04XGarnqs,"No te pierdas Miercoles VANDIDO - Rumba Latina en VANDIDO. Vive una noche épica este Mié, 29 jul en Madrid. Entradas limitadas y reservados VIP disponibles. ¡Compra aquí tus tickets oficiales!"
https://www.fourvenues.com/es/nextplan/events/OZK6,MIERCOLES GUNILLA,Gunilla Club,2026-07-30,00:00,+18,Smart / Arreglado,"Calle de Recoletos, 16, 28001 Madrid (Madrid), España",https://www.fourvenues.com/es/nextplan/events/OZK6,https://fourvenues.com/cdn-cgi/imagedelivery/kWuoTchaMsk7Xnc_FNem7A/8811dba8-3461-4e06-f38b-aa0517470a00/w=1350,"No te pierdas MIERCOLES GUNILLA en Gunilla Club. Vive una noche épica este Mié, 29 jul en Madrid. Entradas limitadas y reservados VIP disponibles. ¡Compra aquí tus tickets oficiales!"
https://www.fourvenues.com/es/nextplan/events/0HCH,Miércoles,GABANA,2026-07-30,00:00,+18,Smart / Arreglado,"Calle de María de Molina, 39, 28006 Madrid, España",https://www.fourvenues.com/es/nextplan/events/0HCH,https://fourvenues.com/cdn-cgi/imagedelivery/kWuoTchaMsk7Xnc_FNem7A/191c6853-411f-4522-d904-af420801d300/w=550,"No te pierdas Miércoles en GABANA MUSIC CLUB. Vive una noche épica este Mié, 29 jul en Madrid. Entradas limitadas y reservados VIP disponibles. ¡Compra aquí tus tickets oficiales!"
https://www.fourvenues.com/es/nextplan/events/0W1G,GREEN 2X1 AFTERWORK,Green Castellana,2026-07-30,17:00,+18,Smart / Arreglado,"Paseo de la Castellana, 40, 28046 Madrid (Madrid), España",https://www.fourvenues.com/es/nextplan/events/0W1G,https://fourvenues.com/cdn-cgi/imagedelivery/kWuoTchaMsk7Xnc_FNem7A/9cba5dad-31a2-4806-00ab-09ef202e9e00/w=1350,"No te pierdas GREEN 2X1 AFTERWORK en Green Social Club. Vive una noche épica este Jue, 30 jul en Madrid. Entradas limitadas y reservados VIP disponibles. ¡Compra aquí tus tickets oficiales!"
https://www.fourvenues.com/es/nextplan/events/FPBT,Afterwork Rooftop Pabblo,Pabblo,2026-07-30,18:00,+23,Smart / Arreglado,"Pl. Pablo Ruiz Picasso, 1, Tetuán, 28020 Madrid, Spain",https://www.fourvenues.com/es/nextplan/events/FPBT,https://fourvenues.com/cdn-cgi/imagedelivery/kWuoTchaMsk7Xnc_FNem7A/e19d646c-4dc2-4dfa-ab27-0be8d8bcaa00/w=1350,"No te pierdas Afterwork Rooftop Pabblo en Yatengoplan. Vive una noche épica este Jue, 30 jul en Madrid. Entradas limitadas y reservados VIP disponibles. ¡Compra aquí tus tickets oficiales!"
https://www.fourvenues.com/es/nextplan/events/YA7K,JUEVES FENOMENO,Sala de Despecho,2026-07-30,20:00,+18,Smart / Arreglado,"C. de Recoletos, 13, Salamanca, 28001 Madrid, España",https://www.fourvenues.com/es/nextplan/events/YA7K,https://fourvenues.com/cdn-cgi/imagedelivery/kWuoTchaMsk7Xnc_FNem7A/c2c8fcaa-31df-48a2-99d7-8186f44ea700/w=1350,"No te pierdas JUEVES FENOMENO en MADRID NO DESCANSA. Vive una noche épica este Jue, 30 jul en . Entradas limitadas y reservados VIP disponibles. ¡Compra aquí tus tickets oficiales!"
https://www.fourvenues.com/es/nextplan/events/S4WO,“THURSDAY MOOD” AT HABANERA + AFTER PARTY RUBICON,Habanera,2026-07-30,22:30,+18,Smart / Arreglado,"Calle de Génova, 28, 28004 Madrid, España",https://www.fourvenues.com/es/nextplan/events/S4WO,https://fourvenues.com/cdn-cgi/imagedelivery/kWuoTchaMsk7Xnc_FNem7A/1aa3ed83-1b08-43ad-d3f5-f282a06c2c00/w=1350,"No te pierdas “THURSDAY MOOD” AT HABANERA + AFTER PARTY RUBICON en NIGHT OUT MADRID. Vive una noche épica este Jue, 30 jul en Madrid. Entradas limitadas y reservados VIP disponibles. ¡Compra aquí tus tickets oficiales!"
https://www.fourvenues.com/es/nextplan/events/NGFH,JUEVES,Discoteca Manama,2026-07-30,22:30,+18,Smart / Arreglado,"C. de Barcelona, 14, 28012 Madrid, España",https://www.fourvenues.com/es/nextplan/events/NGFH,https://fourvenues.com/cdn-cgi/imagedelivery/kWuoTchaMsk7Xnc_FNem7A/a1a143d7-3558-4783-3f96-1aa51080db00/w=1350,"No te pierdas JUEVES en Manama Disco. Vive una noche épica este Jue, 30 jul en Madrid. Entradas limitadas y reservados VIP disponibles. ¡Compra aquí tus tickets oficiales!"
https://www.fourvenues.com/es/nextplan/events/54RO,OH MY CLUB JUEVES,Oh My Club,2026-07-30,23:45,+18,Smart / Arreglado,"C. de Rosario Pino, 14, 28020 Madrid, España",https://www.fourvenues.com/es/nextplan/events/54RO,https://fourvenues.com/cdn-cgi/imagedelivery/kWuoTchaMsk7Xnc_FNem7A/5713e542-af57-42e6-8485-03934d2d3100/w=1350,"No te pierdas OH MY CLUB JUEVES en Oh My Club. Vive una noche épica este Jue, 30 jul en Madrid. Entradas limitadas y reservados VIP disponibles. ¡Compra aquí tus tickets oficiales!"
https://www.fourvenues.com/es/nextplan/events/IGJH,B12 - ENTRADAS,Discoteca B12 Madrid,2026-07-31,00:00,+18,Smart / Arreglado,"C. de Joaquín Costa, 27, 28002 Madrid, España",https://www.fourvenues.com/es/nextplan/events/IGJH,https://d72sklgi05fbu.cloudfront.net/images/venues/cover/sm_Hllm2chtl02aw01chblog4k6aAEPBBrr.jpeg?versionId=b1HUEmxegtcRkHu1x3zOwqYgY9tbI4Bh,"No te pierdas B12 - ENTRADAS en B12 Madrid. Vive una noche épica este Jue, 30 jul en Madrid. Entradas limitadas y reservados VIP disponibles. ¡Compra aquí tus tickets oficiales!"
https://www.fourvenues.com/es/nextplan/events/UUNR,Jueves Bonded,BONDED CLUB,2026-07-31,00:00,+18,Smart / Arreglado,"C. de Miguel Ángel, 9, 28010 Madrid, España",https://www.fourvenues.com/es/nextplan/events/UUNR,https://d72sklgi05fbu.cloudfront.net/images/venues/cover/sm_Ills0up3h00r601c10ta15191g4iRC0k.jpeg?versionId=3FSUYSNjnIXKNgKcc1bVmXcC3_WWVkhW,"No te pierdas Jueves Bonded en BONDED CLUB. Vive una noche épica este Jue, 30 jul en Madrid. Entradas limitadas y reservados VIP disponibles. ¡Compra aquí tus tickets oficiales!"
https://www.fourvenues.com/es/nextplan/events/4L37,JUEVES,Nazca Club,2026-07-31,00:00,+18,Smart / Arreglado,"C. de Orense, 24, 28020 Madrid, España",https://www.fourvenues.com/es/nextplan/events/4L37,https://fourvenues.com/cdn-cgi/imagedelivery/kWuoTchaMsk7Xnc_FNem7A/524c9da3-3d2c-47d8-d989-e7e0fe646400/w=1350,"No te pierdas JUEVES en Nazca Club. Vive una noche épica este Jue, 30 jul en Madrid. Entradas limitadas y reservados VIP disponibles. ¡Compra aquí tus tickets oficiales!"
https://www.fourvenues.com/es/nextplan/events/FKTX,PERRE ON BY TIFFANY’S THE CLUB,Tiffany's The Club,2026-07-31,00:00,+18,Smart / Arreglado,"Av. del Dr. Arce, 10, 28002 Madrid, España",https://www.fourvenues.com/es/nextplan/events/FKTX,https://fourvenues.com/cdn-cgi/imagedelivery/kWuoTchaMsk7Xnc_FNem7A/9d110563-2697-45e5-af79-59fab4758600/w=1350,"No te pierdas PERRE ON BY TIFFANY’S THE CLUB en TIFFANY'S THE CLUB. Vive una noche épica este Jue, 30 jul en Madrid. Entradas limitadas y reservados VIP disponibles. ¡Compra aquí tus tickets oficiales!"
https://www.fourvenues.com/es/nextplan/events/J9X8,OFF THE RECORD,Cristo Social Club ,2026-07-31,00:00,+18,Smart / Arreglado,"Calle de Juan Bravo, 35, Salamanca, 28006 Madrid, España",https://www.fourvenues.com/es/nextplan/events/J9X8,https://fourvenues.com/cdn-cgi/imagedelivery/kWuoTchaMsk7Xnc_FNem7A/8fbf228d-238e-44c2-5c5f-f39e50473000/w=1350,"No te pierdas OFF THE RECORD en CrisTo Social Club. Vive una noche épica este Jue, 30 jul en Madrid. Entradas limitadas y reservados VIP disponibles. ¡Compra aquí tus tickets oficiales!"
https://www.fourvenues.com/es/nextplan/events/O2XP,Jueves VANDIDO,Vandido,2026-07-31,00:00,+18,Smart / Arreglado,"Calle de Goya, 79, 28001 Madrid (Madrid), España",https://www.fourvenues.com/es/nextplan/events/O2XP,https://fourvenues.com/cdn-cgi/imagedelivery/kWuoTchaMsk7Xnc_FNem7A/83b75068-26fb-461b-987e-bcbea6860900/w=1350,"No te pierdas Jueves VANDIDO en VANDIDO. Vive una noche épica este Jue, 30 jul en Madrid. Entradas limitadas y reservados VIP disponibles. ¡Compra aquí tus tickets oficiales!"
https://www.fourvenues.com/es/nextplan/events/Q039,Jueves FITZ,Fitz Club,2026-07-31,00:00,+18,Smart / Arreglado,"C. de la Princesa, 1, 28008 Madrid, España",https://www.fourvenues.com/es/nextplan/events/Q039,https://fourvenues.com/cdn-cgi/imagedelivery/kWuoTchaMsk7Xnc_FNem7A/8b797e64-f448-4fbf-e64b-31ea6ef9f000/w=550,"No te pierdas Jueves FITZ en Fitz Madrid. Vive una noche épica este Jue, 30 jul en Madrid. Entradas limitadas y reservados VIP disponibles. ¡Compra aquí tus tickets oficiales!"
https://www.fourvenues.com/es/nextplan/events/KT5K,JUEVES TODOS SANTOS,Todos Santos,2026-07-31,00:00,+18,Smart / Arreglado,"Calle de Génova, 28, Centro, 28004 Madrid, España",https://www.fourvenues.com/es/nextplan/events/KT5K,https://fourvenues.com/cdn-cgi/imagedelivery/kWuoTchaMsk7Xnc_FNem7A/7750f9a4-1e91-46f1-0e57-55a4ea234a00/w=1350,"No te pierdas JUEVES TODOS SANTOS en Todos Santos. Vive una noche épica este Jue, 30 jul en Madrid. Entradas limitadas y reservados VIP disponibles. ¡Compra aquí tus tickets oficiales!"
https://www.fourvenues.com/es/nextplan/events/Z873,Terraza Karau,Karau,2026-07-31,18:00,+23,Smart / Arreglado,"P.º de Recoletos, 2, Salamanca, 28014 Madrid, España",https://www.fourvenues.com/es/nextplan/events/Z873,https://d72sklgi05fbu.cloudfront.net/images/venues/cover/sm_Rl94racxz0f4601ar1o26fl3fZcDhLpl.jpeg?versionId=pUZaKCKlgsyOOTrz.bnvwz.fDOqqv.MG,"No te pierdas Terraza Karau en Yatengoplan. Vive una noche épica este Vie, 31 jul en Madrid. Entradas limitadas y reservados VIP disponibles. ¡Compra aquí tus tickets oficiales!"
https://www.fourvenues.com/es/nextplan/events/02PY,| THE GREEN ROOM |,Green Castellana,2026-07-31,20:00,+18,Smart / Arreglado,"Paseo de la Castellana, 40, 28046 Madrid (Madrid), España",https://www.fourvenues.com/es/nextplan/events/02PY,https://fourvenues.com/cdn-cgi/imagedelivery/kWuoTchaMsk7Xnc_FNem7A/6471a33b-f15e-4ec6-4af0-16396da02100/w=1350,"No te pierdas | THE GREEN ROOM | en Green Social Club. Vive una noche épica este Vie, 31 jul en Madrid. Entradas limitadas y reservados VIP disponibles. ¡Compra aquí tus tickets oficiales!"
https://www.fourvenues.com/es/nextplan/events/918F,Viernes malasañero,Dekada Madrid,2026-07-31,21:00,+18,Smart / Arreglado,"Calle de San Vicente Ferrer, 34, 28004 Madrid (Madrid), España",https://www.fourvenues.com/es/nextplan/events/918F,https://d72sklgi05fbu.cloudfront.net/images/venues/cover/sm_Glb40zsdv034g01e08gdzdxhcGZq61Ss.jpeg?versionId=F._zX3G.hdAIz7T1q.IuyuknzpjaOqvi,"No te pierdas Viernes malasañero en DEKADA. Vive una noche épica este Vie, 31 jul en Madrid. Entradas limitadas y reservados VIP disponibles. ¡Compra aquí tus tickets oficiales!"
https://www.fourvenues.com/es/nextplan/events/VBZ1,VIERNES,Discoteca Manama,2026-07-31,22:30,+18,Smart / Arreglado,"C. de Barcelona, 14, 28012 Madrid, España",https://www.fourvenues.com/es/nextplan/events/VBZ1,https://fourvenues.com/cdn-cgi/imagedelivery/kWuoTchaMsk7Xnc_FNem7A/5b7386aa-913e-46d9-1a0a-f55fe703e500/w=1350,"No te pierdas VIERNES en Manama Disco. Vive una noche épica este Vie, 31 jul en Madrid. Entradas limitadas y reservados VIP disponibles. ¡Compra aquí tus tickets oficiales!"
https://www.fourvenues.com/es/nextplan/events/QQWJ,OH MY CLUB VIERNES HYPE,Oh My Club,2026-07-31,23:30,+18,Smart / Arreglado,"C. de Rosario Pino, 14, 28020 Madrid, España",https://www.fourvenues.com/es/nextplan/events/QQWJ,https://fourvenues.com/cdn-cgi/imagedelivery/kWuoTchaMsk7Xnc_FNem7A/f2e88a0c-1b2c-4df6-5715-50fdaeeaed00/w=1350,"No te pierdas OH MY CLUB VIERNES HYPE en Oh My Club. Vive una noche épica este Vie, 31 jul en Madrid. Entradas limitadas y reservados VIP disponibles. ¡Compra aquí tus tickets oficiales!"
https://www.fourvenues.com/es/nextplan/events/OPSA,VIERNES,Nazca Club,2026-07-31,23:45,+18,Smart / Arreglado,"C. de Orense, 24, 28020 Madrid, España",https://www.fourvenues.com/es/nextplan/events/OPSA,https://fourvenues.com/cdn-cgi/imagedelivery/kWuoTchaMsk7Xnc_FNem7A/88888bd3-d86b-4a1a-510a-296abc633900/w=1350,"No te pierdas VIERNES en Nazca Club. Vive una noche épica este Vie, 31 jul en Madrid. Entradas limitadas y reservados VIP disponibles. ¡Compra aquí tus tickets oficiales!"
https://www.fourvenues.com/es/nextplan/events/HRFS,2h BARRA LIBRE Y DESPUÉS COPAS A 3€ TODA LA NOCHE - VIERNES 31 LEMON MONCLOA,LEMON MADRID BANANA,2026-08-01,00:00,+18,Smart / Arreglado,"C. de Meléndez Valdés, 52, Chamberí, 28015 Madrid, España",https://www.fourvenues.com/es/nextplan/events/HRFS,https://fourvenues.com/cdn-cgi/imagedelivery/kWuoTchaMsk7Xnc_FNem7A/b2527691-f5aa-42e2-006e-fd288353ed00/w=1350,"No te pierdas 2h BARRA LIBRE Y DESPUÉS COPAS A 3€ TODA LA NOCHE - VIERNES 31 LEMON MONCLOA en LEMON MONCLOA. Vive una noche épica este Vie, 31 jul en Madrid. Entradas limitadas y reservados VIP disponibles. ¡Compra aquí tus tickets oficiales!"
https://www.fourvenues.com/es/nextplan/events/1KK4,B12 - ENTRADAS,Discoteca B12 Madrid,2026-08-01,00:00,+18,Smart / Arreglado,"C. de Joaquín Costa, 27, 28002 Madrid, España",https://www.fourvenues.com/es/nextplan/events/1KK4,https://d72sklgi05fbu.cloudfront.net/images/venues/cover/sm_Hllm2chtl02aw01chblog4k6aAEPBBrr.jpeg?versionId=b1HUEmxegtcRkHu1x3zOwqYgY9tbI4Bh,"No te pierdas B12 - ENTRADAS en B12 Madrid. Vive una noche épica este Vie, 31 jul en Madrid. Entradas limitadas y reservados VIP disponibles. ¡Compra aquí tus tickets oficiales!"
https://www.fourvenues.com/es/nextplan/events/7SNI,VIERNES MON: COPAS A 2€,Sala Mon,2026-08-01,00:00,+18,Smart / Arreglado,"C. de Hilarión Eslava, 36, 28015 Madrid, España",https://www.fourvenues.com/es/nextplan/events/7SNI,https://fourvenues.com/cdn-cgi/imagedelivery/kWuoTchaMsk7Xnc_FNem7A/c139d654-841f-43d3-d345-5a99b302a100/w=1350,"No te pierdas VIERNES MON: COPAS A 2€ en Sala MON. Vive una noche épica este Vie, 31 jul en Madrid. Entradas limitadas y reservados VIP disponibles. ¡Compra aquí tus tickets oficiales!"
https://www.fourvenues.com/es/nextplan/events/KLUZ,Vacanciones,Chango Club (Peral's temple ),2026-08-01,00:00,+18,Smart / Arreglado,"Calle de Covarrubias, 42, 28010 Madrid, España",https://www.fourvenues.com/es/nextplan/events/KLUZ,https://fourvenues.com/cdn-cgi/imagedelivery/kWuoTchaMsk7Xnc_FNem7A/96091228-7da9-4cbd-509a-7c4d6d8c7a00/w=1350,"No te pierdas Vacanciones en CHANGO CLUB MADRID. Vive una noche épica este Vie, 31 jul en Madrid. Entradas limitadas y reservados VIP disponibles. ¡Compra aquí tus tickets oficiales!"
https://www.fourvenues.com/es/nextplan/events/QB2H,Vice club at Bonded,BONDED CLUB,2026-08-01,00:00,+18,Smart / Arreglado,"C. de Miguel Ángel, 9, 28010 Madrid, España",https://www.fourvenues.com/es/nextplan/events/QB2H,https://fourvenues.com/cdn-cgi/imagedelivery/kWuoTchaMsk7Xnc_FNem7A/0a4e3d75-42a8-400c-579f-1edc8a448b00/w=1350,"No te pierdas Vice club at Bonded en BONDED CLUB. Vive una noche épica este Vie, 31 jul en Madrid. Entradas limitadas y reservados VIP disponibles. ¡Compra aquí tus tickets oficiales!"
https://www.fourvenues.com/es/nextplan/events/QUCO,FRIDAY'S at Tiffany's The Club,Tiffany's The Club,2026-08-01,00:00,+18,Smart / Arreglado,"Av. del Dr. Arce, 10, 28002 Madrid, España",https://www.fourvenues.com/es/nextplan/events/QUCO,https://fourvenues.com/cdn-cgi/imagedelivery/kWuoTchaMsk7Xnc_FNem7A/8fa68e05-2713-46aa-4def-e990038c8700/w=1350,"No te pierdas FRIDAY'S at Tiffany's The Club en TIFFANY'S THE CLUB. Vive una noche épica este Vie, 31 jul en Madrid. Entradas limitadas y reservados VIP disponibles. ¡Compra aquí tus tickets oficiales!"
https://www.fourvenues.com/es/nextplan/events/G6C8,VIERNES RUBICON,Rubicon,2026-08-01,00:00,+18,Smart / Arreglado,"C. del Cid, 7, Salamanca, 28001 Madrid, España",https://www.fourvenues.com/es/nextplan/events/G6C8,https://fourvenues.com/cdn-cgi/imagedelivery/kWuoTchaMsk7Xnc_FNem7A/7078a49c-b114-4c98-6bcd-255dbbf48000/w=1350,"No te pierdas VIERNES RUBICON en MADRID NO DESCANSA. Vive una noche épica este Vie, 31 jul en Madrid. Entradas limitadas y reservados VIP disponibles. ¡Compra aquí tus tickets oficiales!"
https://www.fourvenues.com/es/nextplan/events/R7E4,PERRA ERA,Cristo Social Club ,2026-08-01,00:00,+18,Smart / Arreglado,"Calle de Juan Bravo, 35, Salamanca, 28006 Madrid, España",https://www.fourvenues.com/es/nextplan/events/R7E4,https://fourvenues.com/cdn-cgi/imagedelivery/kWuoTchaMsk7Xnc_FNem7A/1746cab1-5bc0-4155-e050-df329f8b7e00/w=1350,"No te pierdas PERRA ERA en CrisTo Social Club. Vive una noche épica este Vie, 31 jul en Madrid. Entradas limitadas y reservados VIP disponibles. ¡Compra aquí tus tickets oficiales!"
https://www.fourvenues.com/es/nextplan/events/QC8C,BELLAQUEO LAB,Cristo Social Club ,2026-08-01,00:00,+18,Smart / Arreglado,"Calle de Juan Bravo, 35, Salamanca, 28006 Madrid, España",https://www.fourvenues.com/es/nextplan/events/QC8C,https://fourvenues.com/cdn-cgi/imagedelivery/kWuoTchaMsk7Xnc_FNem7A/f8112b05-f0b9-4a09-c2d0-51af9e222500/w=1350,"No te pierdas BELLAQUEO LAB en CrisTo Social Club. Vive una noche épica este Vie, 31 jul en Madrid. Entradas limitadas y reservados VIP disponibles. ¡Compra aquí tus tickets oficiales!"
https://www.fourvenues.com/es/nextplan/events/0QRY,Viernes FITZ,Fitz Club,2026-08-01,00:00,+18,Smart / Arreglado,"C. de la Princesa, 1, 28008 Madrid, España",https://www.fourvenues.com/es/nextplan/events/0QRY,https://fourvenues.com/cdn-cgi/imagedelivery/kWuoTchaMsk7Xnc_FNem7A/66d8ef54-c88d-468d-399f-ed84995f2800/w=1350,"No te pierdas Viernes FITZ en Fitz Madrid. Vive una noche épica este Vie, 31 jul en Madrid. Entradas limitadas y reservados VIP disponibles. ¡Compra aquí tus tickets oficiales!"
https://www.fourvenues.com/es/nextplan/events/3RGF,Viernes VANDIDO,Vandido,2026-08-01,00:00,+18,Smart / Arreglado,"Calle de Goya, 79, 28001 Madrid (Madrid), España",https://www.fourvenues.com/es/nextplan/events/3RGF,https://fourvenues.com/cdn-cgi/imagedelivery/kWuoTchaMsk7Xnc_FNem7A/87034508-9400-4817-e095-b6876704c000/w=1350,"No te pierdas Viernes VANDIDO en VANDIDO. Vive una noche épica este Vie, 31 jul en Madrid. Entradas limitadas y reservados VIP disponibles. ¡Compra aquí tus tickets oficiales!"
